Protocollo;Gruppo;DataOraIncidente;Localizzazione1;STRADA1;Localizzazione2;STRADA2;Strada02;Chilometrica;DaSpecificare;NaturaIncidente;particolaritastrade;TipoStrada;FondoStradale;Pavimentazione;Segnaletica;CondizioneAtmosferica;Traffico;Visibilita;Illuminazione;NUM_FERITI;NUM_RISERVATA;NUM_MORTI;NUM_ILLESI;Longitudine;Latitudine;Confermato;Progressivo;TipoVeicolo;StatoVeicolo;TipoPersona;Sesso;Tipolesione;Deceduto;DecedutoDopo;CinturaCascoUtilizzato;Airbag;
2521433;20;02/10/2015 16:15;Statale entro l'abitato;VIA FLAMINIA;da specificare;;;;altezza VIA DEI DUE PONTI;Tamponamento Multiplo;Rettilineo;Due carreggiate;Bagnato (umidità in atto);Asfaltata;Verticale ed orizzontale;Nuvoloso;Normale;Buona;Ore Diurne;2;0;0;3;12.48325;41.9545;-1;3;Autovettura privata;In marcia / fermata / arresto;Conducente;M;Illeso;0;;Non accertato;;
2521437;20;02/10/2015 17:40;Regionale entro l'abitato;VIA FLAMINIA;da specificare;;;;altezza Zona Residenziale Grottarossa;Scontro laterale fra veicoli in marcia;Rettilineo;Due carreggiate;Asciutto;Asfaltata;Verticale ed orizzontale;Nuvoloso;Intenso;Buona;Ore Diurne;0;0;0;2;12.48925;41.96391;-1;1;Autovettura privata;In marcia / fermata / arresto;Conducente;F;Illeso;0;;;;
2521437;20;02/10/2015 17:40;Regionale entro l'abitato;VIA FLAMINIA;da specificare;;;;altezza Zona Residenziale Grottarossa;Scontro laterale fra veicoli in marcia;Rettilineo;Due carreggiate;Asciutto;Asfaltata;Verticale ed orizzontale;Nuvoloso;Intenso;Buona;Ore Diurne;0;0;0;2;12.48925;41.96391;-1;2;Autocarro superiore 35 q.;In marcia / fermata / arresto;Conducente;M;Illeso;0;;;;
2521439;20;02/10/2015 08:30;Statale entro l'abitato;VIA CASSIA;in prossimità;;del civico n.;811;;Investimento di pedone;Rettilineo;Una carreggiata a doppio senso;Bagnato (pioggia);Asfaltata;Orizzontale;Nuvoloso;Intenso;Buona;Ore Diurne;2;0;0;0;12.43977;41.9671;-1;;;;Pedone;F;Rimandato;0;NON DECEDUTO;;;
2521439;20;02/10/2015 08:30;Statale entro l'abitato;VIA CASSIA;in prossimità;;del civico n.;811;;Investimento di pedone;Rettilineo;Una carreggiata a doppio senso;Bagnato (pioggia);Asfaltata;Orizzontale;Nuvoloso;Intenso;Buona;Ore Diurne;2;0;0;0;12.43977;41.9671;-1;1;Motociclo a solo;In marcia / fermata / arresto;Conducente;M;Rifiuta cure immediate;0;NON DECEDUTO;;;
2521445;13;02/10/2015 07:30;Strada Urbana;VIA DI SAPONARA;all'intersezione con;VIA FRANCESCO SAVERIO ALTAMURA;VIA FRANCESCO SAVERIO ALTAMURA;;;Scontro frontale/laterale DX fra veicoli in marcia;Incrocio;Una carreggiata a doppio senso;Bagnato (pioggia);Asfaltata;Orizzontale;Nuvoloso;Normale;Buona;Ore Diurne;2;0;0;1;12.36068;41.77984;-1;1;Autovettura privata;In marcia / fermata / arresto;Conducente;F;Rifiuta cure immediate;0;NON DECEDUTO;Non accertato;Esploso;
2521445;13;02/10/2015 07:30;Strada Urbana;VIA DI SAPONARA;all'intersezione con;VIA FRANCESCO SAVERIO ALTAMURA;VIA FRANCESCO SAVERIO ALTAMURA;;;Scontro frontale/laterale DX fra veicoli in marcia;Incrocio;Una carreggiata a doppio senso;Bagnato (pioggia);Asfaltata;Orizzontale;Nuvoloso;Normale;Buona;Ore Diurne;2;0;0;1;12.36068;41.77984;-1;1;Autovettura privata;In marcia / fermata / arresto;Passeggero;M;Rifiuta cure immediate;0;NON DECEDUTO;Non accertato;Esploso;
2521445;13;02/10/2015 07:30;Strada Urbana;VIA DI SAPONARA;all'intersezione con;VIA FRANCESCO SAVERIO ALTAMURA;VIA FRANCESCO SAVERIO ALTAMURA;;;Scontro frontale/laterale DX fra veicoli in marcia;Incrocio;Una carreggiata a doppio senso;Bagnato (pioggia);Asfaltata;Orizzontale;Nuvoloso;Normale;Buona;Ore Diurne;2;0;0;1;12.36068;41.77984;-1;2;Autovettura privata;In marcia / fermata / arresto;Conducente;F;Illeso;0;;Non accertato;Inesploso;
2521450;20;02/10/2015 09:00;Regionale;VIADOTTO GIUBILEO DEL 2000;da specificare;;;;(altezza Km 13,200 di VIA FLAMINIA);Veicolo in marcia contro veicolo in sosta;Curva a visuale libera;Due carreggiate;Bagnato (umidità in atto);Asfaltata;Verticale ed orizzontale;Nuvoloso;Normale;Buona;Ore Diurne;1;0;0;0;12.49521;41.98966;-1;2;Autovettura privata;In marcia / fermata / arresto;Conducente;F;Ricoverato;0;NON DECEDUTO;Non accertato;Inesploso;
2521474;20;02/10/2015 14:30;Strada Urbana;VIA ISCHIA DI CASTRO;in corrispondenza;;del civico n.;156;;Investimento di pedone;Rettilineo;Una carreggiata a doppio senso;Asciutto;Asfaltata;Verticale ed orizzontale;Nuvoloso;Normale;Sufficiente;Ore Diurne;1;0;0;1;12.45076;41.96849;-1;;;;Pedone;F;Ricoverato;0;NON DECEDUTO;;;
2521474;20;02/10/2015 14:30;Strada Urbana;VIA ISCHIA DI CASTRO;in corrispondenza;;del civico n.;156;;Investimento di pedone;Rettilineo;Una carreggiata a doppio senso;Asciutto;Asfaltata;Verticale ed orizzontale;Nuvoloso;Normale;Sufficiente;Ore Diurne;1;0;0;1;12.45076;41.96849;-1;1;Autovettura privata;In marcia / fermata / arresto;Conducente;M;Illeso;0;;Utilizzato;;
2521492;13;02/10/2015 09:30;Strada Urbana;PIAZZALE MAGELLANO;da specificare;;;;uscita area di parcheggio (lato mare);Scontro frontale/laterale DX fra veicoli in marcia;Rotatoria;Una carreggiata a senso unico di marcia;Bagnato (pioggia);Asfaltata;Verticale ed orizzontale;Vento forte;Scarso;Buona;Ore Diurne;0;0;0;3;12.28624;41.72595;-1;1;Autovettura privata;In marcia / fermata / arresto;Conducente;M;Illeso;0;;Non accertato;Inesploso;
2521492;13;02/10/2015 09:30;Strada Urbana;PIAZZALE MAGELLANO;da specificare;;;;uscita area di parcheggio (lato mare);Scontro frontale/laterale DX fra veicoli in marcia;Rotatoria;Una carreggiata a senso unico di marcia;Bagnato (pioggia);Asfaltata;Verticale ed orizzontale;Vento forte;Scarso;Buona;Ore Diurne;0;0;0;3;12.28624;41.72595;-1;1;Autovettura privata;In marcia / fermata / arresto;Passeggero;F;Illeso;0;;Non accertato;Inesploso;
2521492;13;02/10/2015 09:30;Strada Urbana;PIAZZALE MAGELLANO;da specificare;;;;uscita area di parcheggio (lato mare);Scontro frontale/laterale DX fra veicoli in marcia;Rotatoria;Una carreggiata a senso unico di marcia;Bagnato (pioggia);Asfaltata;Verticale ed orizzontale;Vento forte;Scarso;Buona;Ore Diurne;0;0;0;3;12.28624;41.72595;-1;2;Autovettura privata;In marcia / fermata / arresto;Conducente;M;Illeso;0;;Non accertato;Inesploso;
2521504;20;02/10/2015 12:00;Strada Urbana;VIA VINCENZO TIERI;da specificare;;;;in prossimità di VIA E. D'ERRICO;Veicolo in marcia contro ostacolo fisso;Rettilineo;Una carreggiata a doppio senso;Asciutto;Asfaltata;Verticale ed orizzontale;Nuvoloso;Normale;Buona;Ore Diurne;1;0;0;0;12.37203;42.01989;-1;1;Autovettura privata;In marcia / fermata / arresto;Conducente;F;Rimandato;0;NON DECEDUTO;;Inesistente;
2521527;20;02/10/2015 07:00;Regionale entro l'abitato;VIA FLAMINIA;da specificare;;;;(altezza palo illuminazione pubblica ACEA n.90);Veicolo in marcia contro ostacolo fisso;Rettilineo;Due carreggiate;Bagnato (pioggia);Asfaltata;Orizzontale;Pioggia in atto;Scarso;Buona;Ore Diurne;0;0;0;1;12.47185;41.94256;-1;1;Autovettura privata;In marcia / fermata / arresto;Conducente;M;Illeso;0;;;Inesploso;
2521568;13;02/10/2015 10:05;Strada Urbana;VIA GIOVANNI BOLDINI;all'intersezione con;VIA GIOVANNI DA PIAN DEL CARPINE;VIA GIOVANNI DA PIAN DEL CARPINE;;;Veicolo in marcia contro veicolo arresto;Incrocio;Una carreggiata a doppio senso;Bagnato (pioggia);Asfaltata;Verticale;Pioggia in atto;Normale;Buona;Ore Diurne;0;0;0;2;12.36502;41.78291;-1;1;Autovettura privata;In marcia / fermata / arresto;Conducente;M;Illeso;0;;Non accertato;Inesploso;
2521568;13;02/10/2015 10:05;Strada Urbana;VIA GIOVANNI BOLDINI;all'intersezione con;VIA GIOVANNI DA PIAN DEL CARPINE;VIA GIOVANNI DA PIAN DEL CARPINE;;;Veicolo in marcia contro veicolo arresto;Incrocio;Una carreggiata a doppio senso;Bagnato (pioggia);Asfaltata;Verticale;Pioggia in atto;Normale;Buona;Ore Diurne;0;0;0;2;12.36502;41.78291;-1;2;Autovettura privata;In marcia / fermata / arresto;Conducente;M;Illeso;0;;Non accertato;Inesploso;
2521603;1;02/10/2015 18:30;Strada Urbana;PIAZZA DI PORTA CAPENA;all'intersezione semaforizzata con;VIA DI S. GREGORIO;VIA DI S. GREGORIO;;;Scontro laterale fra veicoli in marcia;Intersezione semaforizzata;Una carreggiata a doppio senso;Asciutto;Asfaltata;Verticale ed orizzontale;Sereno;Intenso;Buona;Ore Diurne;0;0;0;7;12.48947;41.88458;-1;1;Autovettura privata;In marcia / fermata / arresto;Conducente;M;Illeso;0;;Non accertato;Inesploso;
2521603;1;02/10/2015 18:30;Strada Urbana;PIAZZA DI PORTA CAPENA;all'intersezione semaforizzata con;VIA DI S. GREGORIO;VIA DI S. GREGORIO;;;Scontro laterale fra veicoli in marcia;Intersezione semaforizzata;Una carreggiata a doppio senso;Asciutto;Asfaltata;Verticale ed orizzontale;Sereno;Intenso;Buona;Ore Diurne;0;0;0;7;12.48947;41.88458;-1;1;Autovettura privata;In marcia / fermata / arresto;Passeggero;F;Illeso;0;;Non accertato;Inesploso;
2521603;1;02/10/2015 18:30;Strada Urbana;PIAZZA DI PORTA CAPENA;all'intersezione semaforizzata con;VIA DI S. GREGORIO;VIA DI S. GREGORIO;;;Scontro laterale fra veicoli in marcia;Intersezione semaforizzata;Una carreggiata a doppio senso;Asciutto;Asfaltata;Verticale ed orizzontale;Sereno;Intenso;Buona;Ore Diurne;0;0;0;7;12.48947;41.88458;-1;1;Autovettura privata;In marcia / fermata / arresto;Passeggero;F;Illeso;0;;Non accertato;Inesploso;
2521603;1;02/10/2015 18:30;Strada Urbana;PIAZZA DI PORTA CAPENA;all'intersezione semaforizzata con;VIA DI S. GREGORIO;VIA DI S. GREGORIO;;;Scontro laterale fra veicoli in marcia;Intersezione semaforizzata;Una carreggiata a doppio senso;Asciutto;Asfaltata;Verticale ed orizzontale;Sereno;Intenso;Buona;Ore Diurne;0;0;0;7;12.48947;41.88458;-1;1;Autovettura privata;In marcia / fermata / arresto;Passeggero;M;Illeso;0;;Non accertato;Inesploso;
2521603;1;02/10/2015 18:30;Strada Urbana;PIAZZA DI PORTA CAPENA;all'intersezione semaforizzata con;VIA DI S. GREGORIO;VIA DI S. GREGORIO;;;Scontro laterale fra veicoli in marcia;Intersezione semaforizzata;Una carreggiata a doppio senso;Asciutto;Asfaltata;Verticale ed orizzontale;Sereno;Intenso;Buona;Ore Diurne;0;0;0;7;12.48947;41.88458;-1;1;Autovettura privata;In marcia / fermata / arresto;Passeggero;M;Illeso;0;;Non accertato;Inesploso;
2521603;1;02/10/2015 18:30;Strada Urbana;PIAZZA DI PORTA CAPENA;all'intersezione semaforizzata con;VIA DI S. GREGORIO;VIA DI S. GREGORIO;;;Scontro laterale fra veicoli in marcia;Intersezione semaforizzata;Una carreggiata a doppio senso;Asciutto;Asfaltata;Verticale ed orizzontale;Sereno;Intenso;Buona;Ore Diurne;0;0;0;7;12.48947;41.88458;-1;1;Autovettura privata;In marcia / fermata / arresto;Passeggero;M;Illeso;0;;Non accertato;Inesploso;
2521603;1;02/10/2015 18:30;Strada Urbana;PIAZZA DI PORTA CAPENA;all'intersezione semaforizzata con;VIA DI S. GREGORIO;VIA DI S. GREGORIO;;;Scontro laterale fra veicoli in marcia;Intersezione semaforizzata;Una carreggiata a doppio senso;Asciutto;Asfaltata;Verticale ed orizzontale;Sereno;Intenso;Buona;Ore Diurne;0;0;0;7;12.48947;41.88458;-1;2;Autovettura privata;In marcia / fermata / arresto;Conducente;M;Illeso;0;;;;
2521622;1;02/10/2015 13:15;Strada Urbana;VIA DEL MATTONATO;in corrispondenza;;del civico n.;1;;Veicolo in marcia contro veicolo in sosta;Rettilineo;Una carreggiata a senso unico di marcia;Asciutto;In cubetti di porfido;Assente;Sereno;Scarso;Buona;Ore Diurne;0;0;0;1;12.46778;41.88991;-1;1;Autocarro inferiore 35 q.;In marcia / fermata / arresto;Conducente;M;Illeso;0;;Non accertato;Inesploso;
2521645;13;02/10/2015 11:00;Strada Urbana;VIA DI MACCHIA SAPONARA;da specificare;;;;2° albero da via Pindaro dir. via Euripide;Veicolo in marcia contro ostacolo accidentale;Rettilineo;Una carreggiata a doppio senso;Bagnato (pioggia);Asfaltata;Orizzontale;Nuvoloso;Intenso;Buona;Ore Diurne;0;0;0;1;12.36506;41.75836;-1;1;Autovettura privata;In marcia / fermata / arresto;Conducente;M;Illeso;0;;Non accertato;Inesploso;
2521663;2;03/10/2015 09:40;Strada Urbana;VIA LUIGI POLETTI;all'intersezione con;VIA GUGLIELMO CALDERINI;VIA GUGLIELMO CALDERINI;;;Scontro laterale fra veicoli in marcia;Incrocio;Una carreggiata a doppio senso;Asciutto;Asfaltata;Verticale ed orizzontale;Sereno;Normale;Buona;Ore Diurne;0;0;0;2;12.46544;41.92953;-1;1;Autovettura privata;In marcia / fermata / arresto;Conducente;F;Illeso;0;;Non accertato;Inesploso;
2521663;2;03/10/2015 09:40;Strada Urbana;VIA LUIGI POLETTI;all'intersezione con;VIA GUGLIELMO CALDERINI;VIA GUGLIELMO CALDERINI;;;Scontro laterale fra veicoli in marcia;Incrocio;Una carreggiata a doppio senso;Asciutto;Asfaltata;Verticale ed orizzontale;Sereno;Normale;Buona;Ore Diurne;0;0;0;2;12.46544;41.92953;-1;2;Autocarro inferiore 35 q.;In marcia / fermata / arresto;Conducente;M;Illeso;0;;Non accertato;Inesploso;
2521667;13;02/10/2015 11:05;Strada Urbana;VIALE CAPITAN CASELLA;da specificare;;;;in prossimità di VIALE DELLA VITTORIA;Veicolo in marcia contro ostacolo accidentale;Rettilineo;Due carreggiate;Bagnato (pioggia);Asfaltata;Verticale ed orizzontale;Pioggia in atto;Normale;Buona;Ore Diurne;0;0;0;2;12.28894;41.73005;-1;1;Autovettura privata;In marcia / fermata / arresto;Conducente;F;Illeso;0;;Non accertato;Inesploso;
2521667;13;02/10/2015 11:05;Strada Urbana;VIALE CAPITAN CASELLA;da specificare;;;;in prossimità di VIALE DELLA VITTORIA;Veicolo in marcia contro ostacolo accidentale;Rettilineo;Due carreggiate;Bagnato (pioggia);Asfaltata;Verticale ed orizzontale;Pioggia in atto;Normale;Buona;Ore Diurne;0;0;0;2;12.28894;41.73005;-1;1;Autovettura privata;In marcia / fermata / arresto;Passeggero;M;Illeso;0;;Non accertato;Inesploso;
2521693;1;02/10/2015 14:00;Strada Urbana;LARGO DELLE TERME DI CARACALLA;da specificare;;;;prossimità FERMATA  N.70671;Tamponamento;Rettilineo;Una carreggiata a doppio senso;Asciutto;Asfaltata;Verticale ed orizzontale;Sereno;Intenso;Buona;Ore Diurne;0;0;0;5;12.49244;41.87904;-1;1;Autovettura privata;In marcia / fermata / arresto;Conducente;M;Illeso;0;;;;
2521693;1;02/10/2015 14:00;Strada Urbana;LARGO DELLE TERME DI CARACALLA;da specificare;;;;prossimità FERMATA  N.70671;Tamponamento;Rettilineo;Una carreggiata a doppio senso;Asciutto;Asfaltata;Verticale ed orizzontale;Sereno;Intenso;Buona;Ore Diurne;0;0;0;5;12.49244;41.87904;-1;2;Autovettura di polizia;In marcia / fermata / arresto;Conducente;M;Illeso;0;;;;
2521693;1;02/10/2015 14:00;Strada Urbana;LARGO DELLE TERME DI CARACALLA;da specificare;;;;prossimità FERMATA  N.70671;Tamponamento;Rettilineo;Una carreggiata a doppio senso;Asciutto;Asfaltata;Verticale ed orizzontale;Sereno;Intenso;Buona;Ore Diurne;0;0;0;5;12.49244;41.87904;-1;2;Autovettura di polizia;In marcia / fermata / arresto;Passeggero;M;Illeso;0;;;;
2521693;1;02/10/2015 14:00;Strada Urbana;LARGO DELLE TERME DI CARACALLA;da specificare;;;;prossimità FERMATA  N.70671;Tamponamento;Rettilineo;Una carreggiata a doppio senso;Asciutto;Asfaltata;Verticale ed orizzontale;Sereno;Intenso;Buona;Ore Diurne;0;0;0;5;12.49244;41.87904;-1;2;Autovettura di polizia;In marcia / fermata / arresto;Passeggero;M;Illeso;0;;;;
2521693;1;02/10/2015 14:00;Strada Urbana;LARGO DELLE TERME DI CARACALLA;da specificare;;;;prossimità FERMATA  N.70671;Tamponamento;Rettilineo;Una carreggiata a doppio senso;Asciutto;Asfaltata;Verticale ed orizzontale;Sereno;Intenso;Buona;Ore Diurne;0;0;0;5;12.49244;41.87904;-1;2;Autovettura di polizia;In marcia / fermata / arresto;Passeggero;M;Illeso;0;;;;
2521716;13;02/10/2015 11:30;Strada Urbana;PIAZZA SAGONA;in corrispondenza;;del civico n.;8;;Veicolo in marcia contro veicolo in sosta;Rotatoria;Una carreggiata a senso unico di marcia;Bagnato (pioggia);Asfaltata;Assente;Nuvoloso;Normale;Buona;Ore Diurne;0;0;0;1;12.29084;41.72611;-1;1;Autovettura privata;In marcia / fermata / arresto;Conducente;M;Illeso;0;;Non accertato;Inesploso;
2521784;19;03/10/2015 12:55;Strada Urbana;VIA DELLA VALLE DEI FONTANILI;all'intersezione con;VIA ANDERSEN;VIA ANDERSEN;;;Scontro frontale/laterale DX fra veicoli in marcia;Incrocio;Una carreggiata a doppio senso;Asciutto;Asfaltata;Verticale ed orizzontale;Sereno;Normale;Buona;Ore Diurne;1;0;0;2;12.40772;41.92378;-1;1;Autovettura privata;In marcia / fermata / arresto;Conducente;F;Illeso;0;;Non accertato;;
2521784;19;03/10/2015 12:55;Strada Urbana;VIA DELLA VALLE DEI FONTANILI;all'intersezione con;VIA ANDERSEN;VIA ANDERSEN;;;Scontro frontale/laterale DX fra veicoli in marcia;Incrocio;Una carreggiata a doppio senso;Asciutto;Asfaltata;Verticale ed orizzontale;Sereno;Normale;Buona;Ore Diurne;1;0;0;2;12.40772;41.92378;-1;1;Autovettura privata;In marcia / fermata / arresto;Passeggero;M;Illeso;0;;Non accertato;Inesploso;
2521784;19;03/10/2015 12:55;Strada Urbana;VIA DELLA VALLE DEI FONTANILI;all'intersezione con;VIA ANDERSEN;VIA ANDERSEN;;;Scontro frontale/laterale DX fra veicoli in marcia;Incrocio;Una carreggiata a doppio senso;Asciutto;Asfaltata;Verticale ed orizzontale;Sereno;Normale;Buona;Ore Diurne;1;0;0;2;12.40772;41.92378;-1;2;Motociclo a solo;In marcia / fermata / arresto;Conducente;M;Rimandato;0;NON DECEDUTO;Non accertato;;
2521794;1;03/10/2015 02:20;Strada Urbana;VIA NICOLA SALVI;all'intersezione con;VIA DELLE TERME DI TITO;VIA DELLE TERME DI TITO;;;Scontro laterale fra veicoli in marcia;Incrocio;Una carreggiata a senso unico di marcia;Asciutto;Strada pavimentata dissestata;Assente;Nuvoloso;Scarso;Buona;Sufficiente;0;0;0;2;12.49284;41.89134;-1;1;Autovettura privata;In marcia / fermata / arresto;Conducente;F;Illeso;0;;Non accertato;Inesploso;
2521794;1;03/10/2015 02:20;Strada Urbana;VIA NICOLA SALVI;all'intersezione con;VIA DELLE TERME DI TITO;VIA DELLE TERME DI TITO;;;Scontro laterale fra veicoli in marcia;Incrocio;Una carreggiata a senso unico di marcia;Asciutto;Strada pavimentata dissestata;Assente;Nuvoloso;Scarso;Buona;Sufficiente;0;0;0;2;12.49284;41.89134;-1;2;Autovettura privata;In marcia / fermata / arresto;Conducente;M;Illeso;0;;Non accertato;Inesploso;
2521814;1;03/10/2015 01:30;Strada Urbana;VIA CAIO CESTIO;in corrispondenza;;del civico n.;11;;Veicolo in marcia contro veicoli in sosta;Rettilineo;Una carreggiata a senso unico di marcia;Bagnato (pioggia);Asfaltata;Verticale ed orizzontale;Pioggia in atto;Normale;Sufficiente;Sufficiente;0;0;0;2;12.48015;41.87708;-1;1;Autovettura privata;Allontanatosi;Conducente;M;Illeso;0;;Non accertato;Inesploso;
2521814;1;03/10/2015 01:30;Strada Urbana;VIA CAIO CESTIO;in corrispondenza;;del civico n.;11;;Veicolo in marcia contro veicoli in sosta;Rettilineo;Una carreggiata a senso unico di marcia;Bagnato (pioggia);Asfaltata;Verticale ed orizzontale;Pioggia in atto;Normale;Sufficiente;Sufficiente;0;0;0;2;12.48015;41.87708;-1;4;Autovettura privata;Allontanatosi;Conducente;M;Illeso;0;;Non accertato;Inesploso;
2521905;15;03/10/2015 09:30;Strada Urbana;VIA PORTUENSE;da specificare;;;;pross. f.n.c. 931;Ribaltamento senza urto contro ostacolo fisso;Curva senza visuale libera;Una carreggiata a doppio senso;Bagnato (umidità in atto);Asfaltata;Orizzontale;Sereno;Normale;Buona;Ore Diurne;1;0;0;0;12.39542;41.84177;-1;1;Autovettura privata;In marcia / fermata / arresto;Conducente;M;Rimandato;0;NON DECEDUTO;Utilizzato;;
2521910;15;02/10/2015 18:05;Strada Urbana;VIA DEL TRULLO;in corrispondenza;;del civico n.;285;;Scontro frontale/laterale DX fra veicoli in marcia;Rettilineo;Due carreggiate;Bagnato (pioggia);Asfaltata;Orizzontale;Nuvoloso;Intenso;Sufficiente;Ore Diurne;0;0;0;2;12.43666;41.84385;-1;1;Autovettura privata;In marcia / fermata / arresto;Conducente;M;Illeso;0;;;;
2521910;15;02/10/2015 18:05;Strada Urbana;VIA DEL TRULLO;in corrispondenza;;del civico n.;285;;Scontro frontale/laterale DX fra veicoli in marcia;Rettilineo;Due carreggiate;Bagnato (pioggia);Asfaltata;Orizzontale;Nuvoloso;Intenso;Sufficiente;Ore Diurne;0;0;0;2;12.43666;41.84385;-1;2;Autovettura privata;In marcia / fermata / arresto;Conducente;M;Illeso;0;;;;
2521966;2;03/10/2015 13:20;Strada Urbana;VIA FOGLIANO;all'intersezione con;VIA ANAPO;VIA ANAPO;;;Scontro frontale/laterale DX fra veicoli in marcia;Incrocio;Una carreggiata a doppio senso;Asciutto;Asfaltata;Verticale ed orizzontale;Sereno;Normale;Buona;Ore Diurne;1;0;0;1;12.50681;41.92616;-1;1;Autovettura privata;In marcia / fermata / arresto;Conducente;M;Illeso;0;;Non accertato;Inesploso;
2521966;2;03/10/2015 13:20;Strada Urbana;VIA FOGLIANO;all'intersezione con;VIA ANAPO;VIA ANAPO;;;Scontro frontale/laterale DX fra veicoli in marcia;Incrocio;Una carreggiata a doppio senso;Asciutto;Asfaltata;Verticale ed orizzontale;Sereno;Normale;Buona;Ore Diurne;1;0;0;1;12.50681;41.92616;-1;2;Autovettura privata;In marcia / fermata / arresto;Conducente;M;Rimandato;0;NON DECEDUTO;Non accertato;Inesploso;
2522037;6;03/10/2015 17:00;Strada Urbana;VIA FORMIA;all'intersezione con;VIA CORI;VIA CORI;;;Investimento di pedone;Incrocio;Una carreggiata a senso unico di marcia;Asciutto;Asfaltata;Verticale ed orizzontale;Sereno;Normale;Buona;Ore Diurne;1;0;0;1;12.54941;41.88675;-1;;;;Pedone;M;Rimandato;0;NON DECEDUTO;;;
2522037;6;03/10/2015 17:00;Strada Urbana;VIA FORMIA;all'intersezione con;VIA CORI;VIA CORI;;;Investimento di pedone;Incrocio;Una carreggiata a senso unico di marcia;Asciutto;Asfaltata;Verticale ed orizzontale;Sereno;Normale;Buona;Ore Diurne;1;0;0;1;12.54941;41.88675;-1;1;Autovettura privata;In marcia / fermata / arresto;Conducente;M;Illeso;0;;Non accertato;Inesploso;
2522039;2;01/10/2015 09:00;Strada Urbana;VIALE XVII OLIMPIADE;all'intersezione con;VIA AUSTRIA;VIA AUSTRIA;;;Scontro frontale/laterale SX fra veicoli in marcia;Incrocio;Una carreggiata a senso unico di marcia;Bagnato (pioggia);Asfaltata;Verticale ed orizzontale;Pioggia in atto;Scarso;Buona;Ore Diurne;0;0;0;2;12.47204;41.93258;-1;1;Autovettura privata;In marcia / fermata / arresto;Conducente;M;Illeso;0;;Non accertato;;
2522039;2;01/10/2015 09:00;Strada Urbana;VIALE XVII OLIMPIADE;all'intersezione con;VIA AUSTRIA;VIA AUSTRIA;;;Scontro frontale/laterale SX fra veicoli in marcia;Incrocio;Una carreggiata a senso unico di marcia;Bagnato (pioggia);Asfaltata;Verticale ed orizzontale;Pioggia in atto;Scarso;Buona;Ore Diurne;0;0;0;2;12.47204;41.93258;-1;2;Autovettura privata;In marcia / fermata / arresto;Conducente;F;Illeso;0;;Non accertato;;
2522495;8;03/10/2015 08:40;Strada Urbana;VIA MASSA DI SAN GIULIANO;all'intersezione con;VIA PEDICCIANO;VIA PEDICCIANO;;;Scontro frontale/laterale DX fra veicoli in marcia;Incrocio;Una carreggiata a doppio senso;Asciutto;Asfaltata;Verticale ed orizzontale;Sereno;Normale;Buona;Ore Diurne;2;0;0;1;12.69061;41.90748;-1;1;Autovettura privata;In marcia / fermata / arresto;Conducente;M;Illeso;0;;Non accertato;Inesploso;
2522495;8;03/10/2015 08:40;Strada Urbana;VIA MASSA DI SAN GIULIANO;all'intersezione con;VIA PEDICCIANO;VIA PEDICCIANO;;;Scontro frontale/laterale DX fra veicoli in marcia;Incrocio;Una carreggiata a doppio senso;Asciutto;Asfaltata;Verticale ed orizzontale;Sereno;Normale;Buona;Ore Diurne;2;0;0;1;12.69061;41.90748;-1;2;Autovettura privata;In marcia / fermata / arresto;Conducente;M;Rimandato;0;NON DECEDUTO;Non accertato;Inesploso;
2522495;8;03/10/2015 08:40;Strada Urbana;VIA MASSA DI SAN GIULIANO;all'intersezione con;VIA PEDICCIANO;VIA PEDICCIANO;;;Scontro frontale/laterale DX fra veicoli in marcia;Incrocio;Una carreggiata a doppio senso;Asciutto;Asfaltata;Verticale ed orizzontale;Sereno;Normale;Buona;Ore Diurne;2;0;0;1;12.69061;41.90748;-1;2;Autovettura privata;In marcia / fermata / arresto;Passeggero;F;Rimandato;0;NON DECEDUTO;Non accertato;Inesploso;
2522498;8;03/10/2015 09:30;Strada Urbana;VIA DI TORRENOVA;da specificare;;;;altezza rampa via CALIMERA dir. TOR BELLA MONACA;Veicolo in marcia contro ostacolo accidentale;Rettilineo;Una carreggiata a doppio senso;Asciutto;Asfaltata;Verticale ed orizzontale;Sereno;Normale;Buona;Ore Diurne;0;0;0;1;12.62078;41.88746;-1;1;Autovettura privata;In marcia / fermata / arresto;Conducente;F;Illeso;0;;Non accertato;Inesploso;
2522499;8;03/10/2015 11:00;Strada Urbana;VIA DI SALONE;in prossimità;;del civico n.;368;;Veicolo in marcia contro ostacolo accidentale;Rettilineo;Una carreggiata a doppio senso;Asciutto;Con buche;Assente;Sereno;Normale;Buona;Ore Diurne;0;0;0;1;12.63372;41.91415;-1;1;Autovettura privata;In marcia / fermata / arresto;Conducente;F;Illeso;0;;Non accertato;Inesploso;
2522503;8;03/10/2015 12:00;Strada Urbana;VIA DEL PONTE DI NONA;da specificare;;;;altezza via C. BERNARDO MOSCA;Scontro laterale fra veicoli in marcia;Rettilineo;Una carreggiata a doppio senso;Asciutto;Asfaltata;Verticale ed orizzontale;Sereno;Normale;Buona;Ore Diurne;1;0;0;1;12.66114;41.89952;-1;1;Autovettura privata;In marcia / fermata / arresto;Conducente;M;Illeso;0;;Non accertato;Inesploso;