Protocollo;Gruppo;DataOraIncidente;Localizzazione1;STRADA1;Localizzazione2;STRADA2;Strada02;Chilometrica;DaSpecificare;NaturaIncidente;particolaritastrade;TipoStrada;FondoStradale;Pavimentazione;Segnaletica;CondizioneAtmosferica;Traffico;Visibilita;Illuminazione;NUM_FERITI;NUM_RISERVATA;NUM_MORTI;NUM_ILLESI;Longitudine;Latitudine;Confermato;Progressivo;TipoVeicolo;StatoVeicolo;TipoPersona;Sesso;Tipolesione;Deceduto;DecedutoDopo;CinturaCascoUtilizzato;Airbag;
2526787;10;07/10/2015 01:20;Strada Urbana;VIA APPIA PIGNATELLI;all'intersezione semaforizzata con;VIA ERODE ATTICO;VIA ERODE ATTICO;;;Scontro frontale/laterale DX fra veicoli in marcia;Incrocio;Una carreggiata a doppio senso;Asciutto;Asfaltata;Verticale ed orizzontale;Sereno;Scarso;Sufficiente;Sufficiente;0;0;0;3;12.5357;41.84614;-1;2;Autovettura privata;In marcia / fermata / arresto;Passeggero;F;Illeso;0;;Non accertato;Inesploso;
2526901;8;06/10/2015 06:30;Provinciale;VIA POLENSE;in prossimità;;della chilometrica;23;;Scontro laterale fra veicoli in marcia;Rettilineo;Una carreggiata a doppio senso;Bagnato (umidità in atto);Asfaltata;Verticale ed orizzontale;Nuvoloso;Scarso;Insufficiente;Insufficiente;0;0;0;2;12.70292;41.89532;-1;1;Autovettura privata;In marcia / fermata / arresto;Conducente;F;Illeso;0;;Non accertato;Esploso;
2526901;8;06/10/2015 06:30;Provinciale;VIA POLENSE;in prossimità;;della chilometrica;23;;Scontro laterale fra veicoli in marcia;Rettilineo;Una carreggiata a doppio senso;Bagnato (umidità in atto);Asfaltata;Verticale ed orizzontale;Nuvoloso;Scarso;Insufficiente;Insufficiente;0;0;0;2;12.70292;41.89532;-1;2;Autovettura privata;In marcia / fermata / arresto;Conducente;M;Illeso;0;;Non accertato;;
2526918;8;06/10/2015 06:35;Provinciale;VIA POLENSE;in corrispondenza;;della chilometrica;23;;Tamponamento Multiplo;Rettilineo;Una carreggiata a doppio senso;Bagnato (umidità in atto);Asfaltata;Verticale ed orizzontale;Nuvoloso;Scarso;Insufficiente;Inesistente;4;0;0;2;12.70292;41.89532;-1;;;;Pedone;M;Ricoverato;0;NON DECEDUTO;;;
2526918;8;06/10/2015 06:35;Provinciale;VIA POLENSE;in corrispondenza;;della chilometrica;23;;Tamponamento Multiplo;Rettilineo;Una carreggiata a doppio senso;Bagnato (umidità in atto);Asfaltata;Verticale ed orizzontale;Nuvoloso;Scarso;Insufficiente;Inesistente;4;0;0;2;12.70292;41.89532;-1;;;;Pedone;M;Rimandato;0;NON DECEDUTO;;;
2526918;8;06/10/2015 06:35;Provinciale;VIA POLENSE;in corrispondenza;;della chilometrica;23;;Tamponamento Multiplo;Rettilineo;Una carreggiata a doppio senso;Bagnato (umidità in atto);Asfaltata;Verticale ed orizzontale;Nuvoloso;Scarso;Insufficiente;Inesistente;4;0;0;2;12.70292;41.89532;-1;;;;Pedone;M;Rimandato;0;NON DECEDUTO;;;
2526918;8;06/10/2015 06:35;Provinciale;VIA POLENSE;in corrispondenza;;della chilometrica;23;;Tamponamento Multiplo;Rettilineo;Una carreggiata a doppio senso;Bagnato (umidità in atto);Asfaltata;Verticale ed orizzontale;Nuvoloso;Scarso;Insufficiente;Inesistente;4;0;0;2;12.70292;41.89532;-1;1;Autovettura privata;In marcia / fermata / arresto;Conducente;M;Rimandato;0;NON DECEDUTO;Non accertato;Inesploso;
2526918;8;06/10/2015 06:35;Provinciale;VIA POLENSE;in corrispondenza;;della chilometrica;23;;Tamponamento Multiplo;Rettilineo;Una carreggiata a doppio senso;Bagnato (umidità in atto);Asfaltata;Verticale ed orizzontale;Nuvoloso;Scarso;Insufficiente;Inesistente;4;0;0;2;12.70292;41.89532;-1;2;Autovettura privata;In marcia / fermata / arresto;Conducente;M;Illeso;0;;Non accertato;Inesploso;
2526918;8;06/10/2015 06:35;Provinciale;VIA POLENSE;in corrispondenza;;della chilometrica;23;;Tamponamento Multiplo;Rettilineo;Una carreggiata a doppio senso;Bagnato (umidità in atto);Asfaltata;Verticale ed orizzontale;Nuvoloso;Scarso;Insufficiente;Inesistente;4;0;0;2;12.70292;41.89532;-1;3;Autovettura privata;In marcia / fermata / arresto;Conducente;M;Illeso;0;;Non accertato;Inesploso;
2526923;8;06/10/2015 09:20;Provinciale entro l'abitato;VIA POLENSE;in corrispondenza;;della chilometrica;22.5;;Tamponamento;Rettilineo;Una carreggiata a doppio senso;Asciutto;Asfaltata;Assente;Nuvoloso;Normale;Buona;Ore Diurne;0;0;0;3;12.70292;41.89532;-1;1;Autocarro inferiore 35 q.;In marcia / fermata / arresto;Conducente;M;Illeso;0;;Non accertato;Inesploso;
2526923;8;06/10/2015 09:20;Provinciale entro l'abitato;VIA POLENSE;in corrispondenza;;della chilometrica;22.5;;Tamponamento;Rettilineo;Una carreggiata a doppio senso;Asciutto;Asfaltata;Assente;Nuvoloso;Normale;Buona;Ore Diurne;0;0;0;3;12.70292;41.89532;-1;1;Autocarro inferiore 35 q.;In marcia / fermata / arresto;Passeggero;M;Illeso;0;;Non accertato;Inesploso;
2526923;8;06/10/2015 09:20;Provinciale entro l'abitato;VIA POLENSE;in corrispondenza;;della chilometrica;22.5;;Tamponamento;Rettilineo;Una carreggiata a doppio senso;Asciutto;Asfaltata;Assente;Nuvoloso;Normale;Buona;Ore Diurne;0;0;0;3;12.70292;41.89532;-1;2;Autovettura privata;In marcia / fermata / arresto;Conducente;M;Illeso;0;;Non accertato;Inesploso;
2526931;8;06/10/2015 11:10;Strada Urbana;VIA DEL FOSSO DELL'OSA;da specificare;;;;100 metri prima di via Polense;Veicolo in marcia contro ostacolo accidentale;Rettilineo;Una carreggiata a doppio senso;Asciutto;Con buche;Orizzontale;Nuvoloso;Normale;Sufficiente;Ore Diurne;0;0;0;1;12.68431;41.90552;-1;1;Autovettura privata;In marcia / fermata / arresto;Conducente;M;Illeso;0;;Non accertato;Inesploso;
2526933;8;06/10/2015 11:20;Strada Urbana;VIALE S. RITA DA CASCIA;all'intersezione con;VIA GIOVANNI BATTISTA CIGOLA;VIA GIOVANNI BATTISTA CIGOLA;;;Scontro frontale/laterale SX fra veicoli in marcia;Rotatoria;Una carreggiata a doppio senso;Asciutto;Asfaltata;Verticale ed orizzontale;Nuvoloso;Normale;Buona;Ore Diurne;1;0;0;2;12.64451;41.86899;-1;1;Autovettura privata;In marcia / fermata / arresto;Conducente;M;Ricoverato;0;NON DECEDUTO;Non accertato;Inesploso;
2526933;8;06/10/2015 11:20;Strada Urbana;VIALE S. RITA DA CASCIA;all'intersezione con;VIA GIOVANNI BATTISTA CIGOLA;VIA GIOVANNI BATTISTA CIGOLA;;;Scontro frontale/laterale SX fra veicoli in marcia;Rotatoria;Una carreggiata a doppio senso;Asciutto;Asfaltata;Verticale ed orizzontale;Nuvoloso;Normale;Buona;Ore Diurne;1;0;0;2;12.64451;41.86899;-1;2;Autovettura di polizia;In marcia / fermata / arresto;Conducente;M;Illeso;0;;Non accertato;Inesploso;
2526933;8;06/10/2015 11:20;Strada Urbana;VIALE S. RITA DA CASCIA;all'intersezione con;VIA GIOVANNI BATTISTA CIGOLA;VIA GIOVANNI BATTISTA CIGOLA;;;Scontro frontale/laterale SX fra veicoli in marcia;Rotatoria;Una carreggiata a doppio senso;Asciutto;Asfaltata;Verticale ed orizzontale;Nuvoloso;Normale;Buona;Ore Diurne;1;0;0;2;12.64451;41.86899;-1;2;Autovettura di polizia;In marcia / fermata / arresto;Passeggero;M;Illeso;0;;Non accertato;Inesploso;
2526935;19;06/10/2015 10:30;Strada Urbana;VIA FEDERICO BORROMEO;in prossimità;;del civico n.;67;;Veicolo in marcia contro veicolo in sosta;Rettilineo;Una carreggiata a doppio senso;Asciutto;Asfaltata;Assente;Sereno;Scarso;Buona;Ore Diurne;0;0;0;1;12.41493;41.91878;-1;1;Autovettura privata;In marcia / fermata / arresto;Conducente;M;Illeso;0;;Utilizzato;Inesploso;
2526938;8;05/10/2015 13:00;Strada Urbana;VIA DEL FOSSO DELL'OSA;in corrispondenza;;del civico n.;338;;Tamponamento Multiplo;Rettilineo;Una carreggiata a doppio senso;Asciutto;Asfaltata;Orizzontale;Sereno;Normale;Buona;Ore Diurne;1;0;0;2;12.68583;41.90169;-1;1;Autovettura privata;In marcia / fermata / arresto;Conducente;M;Rifiuta cure immediate;0;NON DECEDUTO;Non accertato;Inesploso;
2526938;8;05/10/2015 13:00;Strada Urbana;VIA DEL FOSSO DELL'OSA;in corrispondenza;;del civico n.;338;;Tamponamento Multiplo;Rettilineo;Una carreggiata a doppio senso;Asciutto;Asfaltata;Orizzontale;Sereno;Normale;Buona;Ore Diurne;1;0;0;2;12.68583;41.90169;-1;2;Autovettura privata;In marcia / fermata / arresto;Conducente;M;Illeso;0;;Non accertato;Inesploso;
2526938;8;05/10/2015 13:00;Strada Urbana;VIA DEL FOSSO DELL'OSA;in corrispondenza;;del civico n.;338;;Tamponamento Multiplo;Rettilineo;Una carreggiata a doppio senso;Asciutto;Asfaltata;Orizzontale;Sereno;Normale;Buona;Ore Diurne;1;0;0;2;12.68583;41.90169;-1;3;Autovettura privata;In marcia / fermata / arresto;Conducente;M;Illeso;0;;Non accertato;Inesploso;
2526940;1;06/10/2015 17:10;Strada Urbana;VIA MARSALA;all'intersezione con; Sottovia Cappellini; Sottovia Cappellini;;;Scontro frontale/laterale SX fra veicoli in marcia;Intersezione stradale segnalata;Una carreggiata a doppio senso;Asciutto;In cubetti di porfido;Verticale ed orizzontale;Sereno;Normale;Buona;Ore Diurne;0;0;0;2;12.50464;41.90092;-1;1;Autovettura privata;In marcia / fermata / arresto;Conducente;M;Illeso;0;;Non accertato;Inesploso;
2526940;1;06/10/2015 17:10;Strada Urbana;VIA MARSALA;all'intersezione con; Sottovia Cappellini; Sottovia Cappellini;;;Scontro frontale/laterale SX fra veicoli in marcia;Intersezione stradale segnalata;Una carreggiata a doppio senso;Asciutto;In cubetti di porfido;Verticale ed orizzontale;Sereno;Normale;Buona;Ore Diurne;0;0;0;2;12.50464;41.90092;-1;2;Autovettura privata;In marcia / fermata / arresto;Conducente;M;Illeso;0;;Non accertato;Inesploso;
2526941;8;06/10/2015 13:10;Strada Urbana;VIA DELLE DUE TORRI;in corrispondenza;;del civico n.;16;;Scontro frontale/laterale DX fra veicoli in marcia;Rettilineo;Una carreggiata a doppio senso;Asciutto;Asfaltata;Verticale ed orizzontale;Sereno;Normale;Buona;Ore Diurne;0;0;0;2;12.64998;41.86205;-1;1;Autocarro inferiore 35 q.;In marcia / fermata / arresto;Conducente;M;Illeso;0;;Non accertato;Inesploso;
2526941;8;06/10/2015 13:10;Strada Urbana;VIA DELLE DUE TORRI;in corrispondenza;;del civico n.;16;;Scontro frontale/laterale DX fra veicoli in marcia;Rettilineo;Una carreggiata a doppio senso;Asciutto;Asfaltata;Verticale ed orizzontale;Sereno;Normale;Buona;Ore Diurne;0;0;0;2;12.64998;41.86205;-1;2;Autovettura privata;In marcia / fermata / arresto;Conducente;F;Illeso;0;;Non accertato;Inesploso;
2526948;8;06/10/2015 15:30;Strada Urbana;VIALE DUILIO CAMBELLOTTI;da specificare;;;;pross. impianto semaforico alt. via Balbiani;Tamponamento;Rettilineo;Due carreggiate;Asciutto;Asfaltata;Verticale ed orizzontale;Nuvoloso;Normale;Buona;Ore Diurne;0;0;0;6;12.63268;41.86951;-1;1;Motociclo a solo;In marcia / fermata / arresto;Conducente;M;Illeso;0;;Non accertato;;
2526948;8;06/10/2015 15:30;Strada Urbana;VIALE DUILIO CAMBELLOTTI;da specificare;;;;pross. impianto semaforico alt. via Balbiani;Tamponamento;Rettilineo;Due carreggiate;Asciutto;Asfaltata;Verticale ed orizzontale;Nuvoloso;Normale;Buona;Ore Diurne;0;0;0;6;12.63268;41.86951;-1;2;Autovettura privata;In marcia / fermata / arresto;Conducente;F;Illeso;0;;Non accertato;Inesploso;
2526948;8;06/10/2015 15:30;Strada Urbana;VIALE DUILIO CAMBELLOTTI;da specificare;;;;pross. impianto semaforico alt. via Balbiani;Tamponamento;Rettilineo;Due carreggiate;Asciutto;Asfaltata;Verticale ed orizzontale;Nuvoloso;Normale;Buona;Ore Diurne;0;0;0;6;12.63268;41.86951;-1;2;Autovettura privata;In marcia / fermata / arresto;Passeggero;F;Illeso;0;;Non accertato;Inesploso;
2526948;8;06/10/2015 15:30;Strada Urbana;VIALE DUILIO CAMBELLOTTI;da specificare;;;;pross. impianto semaforico alt. via Balbiani;Tamponamento;Rettilineo;Due carreggiate;Asciutto;Asfaltata;Verticale ed orizzontale;Nuvoloso;Normale;Buona;Ore Diurne;0;0;0;6;12.63268;41.86951;-1;2;Autovettura privata;In marcia / fermata / arresto;Passeggero;F;Illeso;0;;Non accertato;Inesploso;
2526948;8;06/10/2015 15:30;Strada Urbana;VIALE DUILIO CAMBELLOTTI;da specificare;;;;pross. impianto semaforico alt. via Balbiani;Tamponamento;Rettilineo;Due carreggiate;Asciutto;Asfaltata;Verticale ed orizzontale;Nuvoloso;Normale;Buona;Ore Diurne;0;0;0;6;12.63268;41.86951;-1;2;Autovettura privata;In marcia / fermata / arresto;Passeggero;F;Illeso;0;;Non accertato;Inesploso;
2526948;8;06/10/2015 15:30;Strada Urbana;VIALE DUILIO CAMBELLOTTI;da specificare;;;;pross. impianto semaforico alt. via Balbiani;Tamponamento;Rettilineo;Due carreggiate;Asciutto;Asfaltata;Verticale ed orizzontale;Nuvoloso;Normale;Buona;Ore Diurne;0;0;0;6;12.63268;41.86951;-1;2;Autovettura privata;In marcia / fermata / arresto;Passeggero;F;Illeso;0;;Non accertato;Inesploso;
2526952;8;05/10/2015 15:45;Strada Urbana;VIA COLUMBIA;all'intersezione con;VIA DEL POLITECNICO;VIA DEL POLITECNICO;;;Scontro frontale/laterale SX fra veicoli in marcia;Incrocio;Una carreggiata a doppio senso;Asciutto;Asfaltata;Verticale ed orizzontale;Nuvoloso;Intenso;Buona;Ore Diurne;0;0;0;2;12.61876;41.85263;-1;1;Autovettura privata;In marcia / fermata / arresto;Conducente;F;Illeso;0;;Non accertato;Inesploso;
2526952;8;05/10/2015 15:45;Strada Urbana;VIA COLUMBIA;all'intersezione con;VIA DEL POLITECNICO;VIA DEL POLITECNICO;;;Scontro frontale/laterale SX fra veicoli in marcia;Incrocio;Una carreggiata a doppio senso;Asciutto;Asfaltata;Verticale ed orizzontale;Nuvoloso;Intenso;Buona;Ore Diurne;0;0;0;2;12.61876;41.85263;-1;2;Autovettura privata;In marcia / fermata / arresto;Conducente;F;Illeso;0;;Non accertato;Inesploso;
2526956;8;05/10/2015 16:45;Strada Urbana;VIA CASILINA;in corrispondenza;;del civico n.;1208;;Scontro frontale/laterale SX fra veicoli in marcia;Rettilineo;Una carreggiata a doppio senso;Asciutto;Asfaltata;Verticale ed orizzontale;Sereno;Normale;Buona;Ore Diurne;1;0;0;2;12.60317;41.86487;-1;1;Autovettura privata;In marcia / fermata / arresto;Conducente;M;Illeso;0;;Non accertato;Inesploso;
2526956;8;05/10/2015 16:45;Strada Urbana;VIA CASILINA;in corrispondenza;;del civico n.;1208;;Scontro frontale/laterale SX fra veicoli in marcia;Rettilineo;Una carreggiata a doppio senso;Asciutto;Asfaltata;Verticale ed orizzontale;Sereno;Normale;Buona;Ore Diurne;1;0;0;2;12.60317;41.86487;-1;1;Autovettura privata;In marcia / fermata / arresto;Passeggero;M;Illeso;0;;Non accertato;Inesploso;
2526956;8;05/10/2015 16:45;Strada Urbana;VIA CASILINA;in corrispondenza;;del civico n.;1208;;Scontro frontale/laterale SX fra veicoli in marcia;Rettilineo;Una carreggiata a doppio senso;Asciutto;Asfaltata;Verticale ed orizzontale;Sereno;Normale;Buona;Ore Diurne;1;0;0;2;12.60317;41.86487;-1;2;Motociclo a solo;In marcia / fermata / arresto;Conducente;M;Rimandato;0;NON DECEDUTO;Non accertato;;
2526963;8;06/10/2015 19:40;Strada Urbana;VIA CASILINA;in corrispondenza;;del civico n.;1769;;Tamponamento;Rettilineo;Una carreggiata a doppio senso;Asciutto;Asfaltata;Verticale ed orizzontale;Sereno;Intenso;Sufficiente;Sufficiente;2;0;0;2;12.67076;41.86426;-1;1;Autovettura privata;In marcia / fermata / arresto;Conducente;M;Rifiuta cure immediate;0;NON DECEDUTO;Non accertato;Inesploso;
2526963;8;06/10/2015 19:40;Strada Urbana;VIA CASILINA;in corrispondenza;;del civico n.;1769;;Tamponamento;Rettilineo;Una carreggiata a doppio senso;Asciutto;Asfaltata;Verticale ed orizzontale;Sereno;Intenso;Sufficiente;Sufficiente;2;0;0;2;12.67076;41.86426;-1;1;Autovettura privata;In marcia / fermata / arresto;Passeggero;M;Rifiuta cure immediate;0;NON DECEDUTO;Non accertato;Inesploso;
2526963;8;06/10/2015 19:40;Strada Urbana;VIA CASILINA;in corrispondenza;;del civico n.;1769;;Tamponamento;Rettilineo;Una carreggiata a doppio senso;Asciutto;Asfaltata;Verticale ed orizzontale;Sereno;Intenso;Sufficiente;Sufficiente;2;0;0;2;12.67076;41.86426;-1;2;Autovettura privata;In marcia / fermata / arresto;Conducente;F;Illeso;0;;Non accertato;Inesploso;
2526963;8;06/10/2015 19:40;Strada Urbana;VIA CASILINA;in corrispondenza;;del civico n.;1769;;Tamponamento;Rettilineo;Una carreggiata a doppio senso;Asciutto;Asfaltata;Verticale ed orizzontale;Sereno;Intenso;Sufficiente;Sufficiente;2;0;0;2;12.67076;41.86426;-1;2;Autovettura privata;In marcia / fermata / arresto;Passeggero;F;Illeso;0;;Utilizzato;Inesploso;
2526968;8;06/10/2015 20:00;Strada Urbana;VIA DELL'ACQUA VERGINE;in corrispondenza;;del palo luce n.;36;;Veicolo in marcia contro ostacolo accidentale;Rettilineo;Una carreggiata a doppio senso;Bagnato (pioggia);Asfaltata;Verticale;Pioggia in atto;Scarso;Sufficiente;Sufficiente;0;0;0;3;12.62592;41.89616;-1;1;Autovettura privata;In marcia / fermata / arresto;Conducente;M;Illeso;0;;Utilizzato;Inesploso;
2526968;8;06/10/2015 20:00;Strada Urbana;VIA DELL'ACQUA VERGINE;in corrispondenza;;del palo luce n.;36;;Veicolo in marcia contro ostacolo accidentale;Rettilineo;Una carreggiata a doppio senso;Bagnato (pioggia);Asfaltata;Verticale;Pioggia in atto;Scarso;Sufficiente;Sufficiente;0;0;0;3;12.62592;41.89616;-1;1;Autovettura privata;In marcia / fermata / arresto;Passeggero;F;Illeso;0;;Non accertato;Esploso;
2526968;8;06/10/2015 20:00;Strada Urbana;VIA DELL'ACQUA VERGINE;in corrispondenza;;del palo luce n.;36;;Veicolo in marcia contro ostacolo accidentale;Rettilineo;Una carreggiata a doppio senso;Bagnato (pioggia);Asfaltata;Verticale;Pioggia in atto;Scarso;Sufficiente;Sufficiente;0;0;0;3;12.62592;41.89616;-1;1;Autovettura privata;In marcia / fermata / arresto;Passeggero;M;Illeso;0;;Utilizzato;Esploso;
2526987;20;06/10/2015 23:00;Regionale entro l'abitato;VIA FLAMINIA;in corrispondenza;;della chilometrica;11;;Tamponamento;Rettilineo;Due carreggiate;Bagnato (umidità in atto);Asfaltata;Verticale ed orizzontale;Nuvoloso;Scarso;Insufficiente;Insufficiente;2;0;0;0;12.48485;42.02941;-1;1;Autovettura privata;In marcia / fermata / arresto;Conducente;M;Rimandato;0;NON DECEDUTO;Non accertato;;
2526987;20;06/10/2015 23:00;Regionale entro l'abitato;VIA FLAMINIA;in corrispondenza;;della chilometrica;11;;Tamponamento;Rettilineo;Due carreggiate;Bagnato (umidità in atto);Asfaltata;Verticale ed orizzontale;Nuvoloso;Scarso;Insufficiente;Insufficiente;2;0;0;0;12.48485;42.02941;-1;2;Autovettura privata;In marcia / fermata / arresto;Conducente;M;Rimandato;0;NON DECEDUTO;Non accertato;;
2526991;19;06/10/2015 12:05;Strada Urbana;VIA UGO DE CAROLIS;in prossimità;;del civico n.;80/b;;Veicolo in marcia contro veicolo in sosta;Rettilineo;Una carreggiata a doppio senso;Asciutto;Asfaltata;Verticale ed orizzontale;Sereno;Normale;Buona;Ore Diurne;0;0;0;1;12.43977;41.91606;-1;1;Autovettura privata;In marcia / fermata / arresto;Conducente;F;Illeso;0;;;;
2527019;10;07/10/2015 08:30;Comunale extraurbana;AEROPORTO CIAMPINO - VIA FRANCESCO BARACCA;da specificare;;;;poco dopo uscita 31° Stormo;Veicolo in marcia contro ostacolo fisso;Rettilineo;Una carreggiata a senso unico di marcia;Asciutto;Asfaltata;Verticale ed orizzontale;Sereno;Normale;Buona;Ore Diurne;1;0;0;1;12.58842;41.79807;-1;1;Autovettura privata;In marcia / fermata / arresto;Conducente;F;Rifiuta cure immediate;0;NON DECEDUTO;Non accertato;Inesploso;
2527019;10;07/10/2015 08:30;Comunale extraurbana;AEROPORTO CIAMPINO - VIA FRANCESCO BARACCA;da specificare;;;;poco dopo uscita 31° Stormo;Veicolo in marcia contro ostacolo fisso;Rettilineo;Una carreggiata a senso unico di marcia;Asciutto;Asfaltata;Verticale ed orizzontale;Sereno;Normale;Buona;Ore Diurne;1;0;0;1;12.58842;41.79807;-1;1;Autovettura privata;In marcia / fermata / arresto;Passeggero;F;Illeso;0;;Non accertato;Inesploso;
2527025;18;03/10/2015 07:15;Strada Urbana;VIA DI CASAL SELCE;in corrispondenza;;del civico n.;321;;Scontro frontale fra veicoli in marcia;Curva senza visuale libera;Una carreggiata a doppio senso;Asciutto;Asfaltata;Verticale ed orizzontale;Sereno;Normale;Buona;Ore Diurne;1;0;0;3;12.35103;41.91172;-1;1;Autovettura privata;In marcia / fermata / arresto;Conducente;M;Illeso;0;;Non accertato;;
2527025;18;03/10/2015 07:15;Strada Urbana;VIA DI CASAL SELCE;in corrispondenza;;del civico n.;321;;Scontro frontale fra veicoli in marcia;Curva senza visuale libera;Una carreggiata a doppio senso;Asciutto;Asfaltata;Verticale ed orizzontale;Sereno;Normale;Buona;Ore Diurne;1;0;0;3;12.35103;41.91172;-1;1;Autovettura privata;In marcia / fermata / arresto;Passeggero;F;Illeso;0;;Non accertato;;
2527025;18;03/10/2015 07:15;Strada Urbana;VIA DI CASAL SELCE;in corrispondenza;;del civico n.;321;;Scontro frontale fra veicoli in marcia;Curva senza visuale libera;Una carreggiata a doppio senso;Asciutto;Asfaltata;Verticale ed orizzontale;Sereno;Normale;Buona;Ore Diurne;1;0;0;3;12.35103;41.91172;-1;1;Autovettura privata;In marcia / fermata / arresto;Passeggero;M;Illeso;0;;Non accertato;;
2527025;18;03/10/2015 07:15;Strada Urbana;VIA DI CASAL SELCE;in corrispondenza;;del civico n.;321;;Scontro frontale fra veicoli in marcia;Curva senza visuale libera;Una carreggiata a doppio senso;Asciutto;Asfaltata;Verticale ed orizzontale;Sereno;Normale;Buona;Ore Diurne;1;0;0;3;12.35103;41.91172;-1;2;Autovettura privata;In marcia / fermata / arresto;Conducente;M;Rimandato;0;NON DECEDUTO;Non accertato;;
2527031;5;07/10/2015 08:30;Strada Urbana;VIA RINALDO D'AQUINO;da specificare;;;;500 metri prima di Via Dante da Maiano;Veicolo in marcia contro ostacolo fisso;Curva a visuale libera;Due carreggiate;Asciutto;Asfaltata;Assente;Sereno;Normale;Buona;Ore Diurne;0;0;0;1;12.61085;41.96467;-1;1;Autovettura privata;In marcia / fermata / arresto;Conducente;M;Illeso;0;;Non accertato;Inesploso;
2527048;17;06/10/2015 17:40;Strada Urbana;VIA GIOVANNI VITELLESCHI;all'intersezione con;VIA DEI TRE PUPAZZI;VIA DEI TRE PUPAZZI;;;Scontro frontale/laterale DX fra veicoli in marcia;Incrocio;Una carreggiata a senso unico di marcia;Asciutto;Asfaltata;Verticale ed orizzontale;Nuvoloso;Intenso;Sufficiente;Ore Diurne;1;0;0;1;12.46203;41.90458;-1;1;Autovettura privata;In marcia / fermata / arresto;Conducente;F;Illeso;0;;Non accertato;Inesploso;
2527048;17;06/10/2015 17:40;Strada Urbana;VIA GIOVANNI VITELLESCHI;all'intersezione con;VIA DEI TRE PUPAZZI;VIA DEI TRE PUPAZZI;;;Scontro frontale/laterale DX fra veicoli in marcia;Incrocio;Una carreggiata a senso unico di marcia;Asciutto;Asfaltata;Verticale ed orizzontale;Nuvoloso;Intenso;Sufficiente;Ore Diurne;1;0;0;1;12.46203;41.90458;-1;2;Ciclomotore;In marcia / fermata / arresto;Conducente;M;Rimandato;0;NON DECEDUTO;Non accertato;;
2527057;11;07/10/2015 08:45;Strada Urbana;VIA DI VIGNA MURATA;da specificare;;;;in prossimità  via Andrea di Bonaiuto ;Tamponamento;Curva a visuale libera;Una carreggiata a senso unico di marcia;Asciutto;Asfaltata;Verticale ed orizzontale;Sereno;Normale;Buona;Ore Diurne;0;0;0;2;12.4937;41.82684;-1;1;Autovettura privata;In marcia / fermata / arresto;Conducente;F;Illeso;0;;Non accertato;Inesploso;
2527057;11;07/10/2015 08:45;Strada Urbana;VIA DI VIGNA MURATA;da specificare;;;;in prossimità  via Andrea di Bonaiuto ;Tamponamento;Curva a visuale libera;Una carreggiata a senso unico di marcia;Asciutto;Asfaltata;Verticale ed orizzontale;Sereno;Normale;Buona;Ore Diurne;0;0;0;2;12.4937;41.82684;-1;2;Autovettura privata;In marcia / fermata / arresto;Conducente;F;Illeso;0;;Non accertato;Inesploso;
2527068;4;06/10/2015 20:30;Provinciale;VIA NOMENTANA;in prossimità;;della chilometrica;15.7;;Tamponamento;Rettilineo;Una carreggiata a doppio senso;Asciutto;Asfaltata;Verticale ed orizzontale;Sereno;Scarso;Sufficiente;Sufficiente;2;0;0;3;12.6159;41.97909;-1;1;Autovettura privata;In marcia / fermata / arresto;Conducente;M;Illeso;0;;Non accertato;Inesploso;
2527068;4;06/10/2015 20:30;Provinciale;VIA NOMENTANA;in prossimità;;della chilometrica;15.7;;Tamponamento;Rettilineo;Una carreggiata a doppio senso;Asciutto;Asfaltata;Verticale ed orizzontale;Sereno;Scarso;Sufficiente;Sufficiente;2;0;0;3;12.6159;41.97909;-1;1;Autovettura privata;In marcia / fermata / arresto;Passeggero;M;Illeso;0;;Non accertato;Inesploso;
2527068;4;06/10/2015 20:30;Provinciale;VIA NOMENTANA;in prossimità;;della chilometrica;15.7;;Tamponamento;Rettilineo;Una carreggiata a doppio senso;Asciutto;Asfaltata;Verticale ed orizzontale;Sereno;Scarso;Sufficiente;Sufficiente;2;0;0;3;12.6159;41.97909;-1;2;Autovettura privata;In marcia / fermata / arresto;Conducente;M;Illeso;0;;Non accertato;Inesploso;
2527068;4;06/10/2015 20:30;Provinciale;VIA NOMENTANA;in prossimità;;della chilometrica;15.7;;Tamponamento;Rettilineo;Una carreggiata a doppio senso;Asciutto;Asfaltata;Verticale ed orizzontale;Sereno;Scarso;Sufficiente;Sufficiente;2;0;0;3;12.6159;41.97909;-1;2;Autovettura privata;In marcia / fermata / arresto;Passeggero;F;Rimandato;0;NON DECEDUTO;Non accertato;;