Protocollo;Gruppo;DataOraIncidente;Localizzazione1;STRADA1;Localizzazione2;STRADA2;Strada02;Chilometrica;DaSpecificare;NaturaIncidente;particolaritastrade;TipoStrada;FondoStradale;Pavimentazione;Segnaletica;CondizioneAtmosferica;Traffico;Visibilita;Illuminazione;NUM_FERITI;NUM_RISERVATA;NUM_MORTI;NUM_ILLESI;Longitudine;Latitudine;Confermato;Progressivo;TipoVeicolo;StatoVeicolo;TipoPersona;Sesso;Tipolesione;Deceduto;DecedutoDopo;CinturaCascoUtilizzato;Airbag;
2529332;1;06/10/2015 15:30;Strada Urbana;VIA GIOVANNI GIOLITTI;in prossimità;;del civico n.;210;;Scontro frontale fra veicoli in marcia;Rettilineo;Una carreggiata a doppio senso;Asciutto;Asfaltata;Verticale;Sereno;Scarso;Buona;Ore Diurne;0;0;0;3;12.51378;41.8927;-1;2;Treno;In marcia / fermata / arresto;Conducente;M;Illeso;0;;;;
2529358;1;07/10/2015 09:00;Strada Urbana;PIAZZA DI PORTA S. GIOVANNI;all'intersezione semaforizzata con;VIALE CARLO FELICE;VIALE CARLO FELICE;;;Tamponamento;Incrocio;Più di due carreggiate;Asciutto;Asfaltata;Verticale ed orizzontale;Nuvoloso;Intenso;Buona;Ore Diurne;0;0;0;2;12.50796;41.8865;-1;1;Autovettura privata;In marcia / fermata / arresto;Conducente;M;Illeso;0;;Utilizzato;Inesploso;
2529358;1;07/10/2015 09:00;Strada Urbana;PIAZZA DI PORTA S. GIOVANNI;all'intersezione semaforizzata con;VIALE CARLO FELICE;VIALE CARLO FELICE;;;Tamponamento;Incrocio;Più di due carreggiate;Asciutto;Asfaltata;Verticale ed orizzontale;Nuvoloso;Intenso;Buona;Ore Diurne;0;0;0;2;12.50796;41.8865;-1;2;Motociclo di polizia;In marcia / fermata / arresto;Conducente;M;Illeso;0;;Utilizzato;;
2529373;10;08/10/2015 14:45;Strada Urbana;VIA TUSCOLANA;in prossimità;;del civico n.;1530;;Veicolo in marcia contro ostacolo fisso;Rettilineo;Due carreggiate;Asciutto;Asfaltata;Verticale ed orizzontale;Nuvoloso;Normale;Buona;Ore Diurne;1;0;0;1;12.5715;41.85107;-1;1;Motociclo a solo;In marcia / fermata / arresto;Conducente;M;Rimandato;0;NON DECEDUTO;Non accertato;;
2529373;10;08/10/2015 14:45;Strada Urbana;VIA TUSCOLANA;in prossimità;;del civico n.;1530;;Veicolo in marcia contro ostacolo fisso;Rettilineo;Due carreggiate;Asciutto;Asfaltata;Verticale ed orizzontale;Nuvoloso;Normale;Buona;Ore Diurne;1;0;0;1;12.5715;41.85107;-1;2;Autovettura privata;In marcia / fermata / arresto;Conducente;M;Illeso;0;;Non accertato;Inesploso;
2529392;1;08/10/2015 14:30;Strada Urbana;PIAZZA VENEZIA;all'intersezione con;VIA CESARE BATTISTI;VIA CESARE BATTISTI;;;Scontro laterale fra veicoli in marcia;Incrocio;Una carreggiata a doppio senso;Asciutto;In cubetti di porfido;Verticale ed orizzontale;Sereno;Normale;Buona;Ore Diurne;0;0;0;2;12.4826;41.89669;-1;1;Autovettura pubblica;In marcia / fermata / arresto;Conducente;M;Illeso;0;;Non accertato;;
2529392;1;08/10/2015 14:30;Strada Urbana;PIAZZA VENEZIA;all'intersezione con;VIA CESARE BATTISTI;VIA CESARE BATTISTI;;;Scontro laterale fra veicoli in marcia;Incrocio;Una carreggiata a doppio senso;Asciutto;In cubetti di porfido;Verticale ed orizzontale;Sereno;Normale;Buona;Ore Diurne;0;0;0;2;12.4826;41.89669;-1;2;Autobus turistico;In marcia / fermata / arresto;Conducente;M;Illeso;0;;Non accertato;Inesploso;
2529406;18;05/10/2015 17:10;Strada Urbana;VIA DI VAL CANNUTA;da specificare;;;;in pross. di via R. Ago;Investimento di pedone;Rettilineo;Una carreggiata a doppio senso;Asciutto;Asfaltata;Verticale ed orizzontale;Sereno;Scarso;Buona;Ore Diurne;2;0;0;1;12.41029;41.89698;-1;;;;Pedone;M;Rimandato;0;NON DECEDUTO;;;
2529406;18;05/10/2015 17:10;Strada Urbana;VIA DI VAL CANNUTA;da specificare;;;;in pross. di via R. Ago;Investimento di pedone;Rettilineo;Una carreggiata a doppio senso;Asciutto;Asfaltata;Verticale ed orizzontale;Sereno;Scarso;Buona;Ore Diurne;2;0;0;1;12.41029;41.89698;-1;;;;Pedone;M;Rimandato;0;NON DECEDUTO;;;
2529406;18;05/10/2015 17:10;Strada Urbana;VIA DI VAL CANNUTA;da specificare;;;;in pross. di via R. Ago;Investimento di pedone;Rettilineo;Una carreggiata a doppio senso;Asciutto;Asfaltata;Verticale ed orizzontale;Sereno;Scarso;Buona;Ore Diurne;2;0;0;1;12.41029;41.89698;-1;1;Autovettura privata;In marcia / fermata / arresto;Conducente;M;Illeso;0;;;;
2529437;20;08/10/2015 16:00;Regionale entro l'abitato;VIA FLAMINIA;da specificare;;;;dir GRA altezza Saxa Rubra (RAI);Tamponamento Multiplo;Rettilineo;Due carreggiate;Asciutto;Asfaltata;Verticale ed orizzontale;Sereno;Intenso;Buona;Ore Diurne;3;0;0;1;12.49343;41.9803;-1;1;Autovettura privata;In marcia / fermata / arresto;Conducente;M;Illeso;0;;Non accertato;;
2529437;20;08/10/2015 16:00;Regionale entro l'abitato;VIA FLAMINIA;da specificare;;;;dir GRA altezza Saxa Rubra (RAI);Tamponamento Multiplo;Rettilineo;Due carreggiate;Asciutto;Asfaltata;Verticale ed orizzontale;Sereno;Intenso;Buona;Ore Diurne;3;0;0;1;12.49343;41.9803;-1;2;Autovettura privata;In marcia / fermata / arresto;Conducente;M;Rimandato;0;NON DECEDUTO;Non accertato;Inesploso;
2529437;20;08/10/2015 16:00;Regionale entro l'abitato;VIA FLAMINIA;da specificare;;;;dir GRA altezza Saxa Rubra (RAI);Tamponamento Multiplo;Rettilineo;Due carreggiate;Asciutto;Asfaltata;Verticale ed orizzontale;Sereno;Intenso;Buona;Ore Diurne;3;0;0;1;12.49343;41.9803;-1;3;Autovettura privata;In marcia / fermata / arresto;Conducente;F;Rimandato;0;NON DECEDUTO;Non accertato;Inesploso;
2529437;20;08/10/2015 16:00;Regionale entro l'abitato;VIA FLAMINIA;da specificare;;;;dir GRA altezza Saxa Rubra (RAI);Tamponamento Multiplo;Rettilineo;Due carreggiate;Asciutto;Asfaltata;Verticale ed orizzontale;Sereno;Intenso;Buona;Ore Diurne;3;0;0;1;12.49343;41.9803;-1;4;Autovettura privata;In marcia / fermata / arresto;Conducente;M;Rimandato;0;NON DECEDUTO;Non accertato;Esploso;
2529456;1;07/10/2015 16:10;Strada Urbana;VIALE CARLO FELICE;all'intersezione semaforizzata con;VIA NOLA;VIA NOLA;;;Scontro frontale/laterale DX fra veicoli in marcia;Intersezione semaforizzata;Più di due carreggiate;Asciutto;Asfaltata;Verticale ed orizzontale;Nuvoloso;Normale;Buona;Ore Diurne;1;0;0;1;12.51429;41.888;-1;1;Autovettura privata;In marcia / fermata / arresto;Conducente;F;Illeso;0;;;;
2529456;1;07/10/2015 16:10;Strada Urbana;VIALE CARLO FELICE;all'intersezione semaforizzata con;VIA NOLA;VIA NOLA;;;Scontro frontale/laterale DX fra veicoli in marcia;Intersezione semaforizzata;Più di due carreggiate;Asciutto;Asfaltata;Verticale ed orizzontale;Nuvoloso;Normale;Buona;Ore Diurne;1;0;0;1;12.51429;41.888;-1;2;Motociclo a solo;In marcia / fermata / arresto;Conducente;M;Rimandato;0;NON DECEDUTO;;;
2529459;11;08/10/2015 14:38;Strada Urbana;VIALE GUGLIELMO MARCONI;in prossimità;;del civico n.;433;;Veicolo in marcia contro veicolo in sosta;Rettilineo;Due carreggiate;Asciutto;Asfaltata;Orizzontale;Sereno;Normale;Buona;Ore Diurne;0;0;0;1;12.47171;41.85617;-1;1;Autocarro inferiore 35 q.;Allontanatosi;Conducente;M;Illeso;0;;Non accertato;Inesploso;
2529487;1;07/10/2015 13:35;Strada Urbana;PIAZZA DI PORTA MAGGIORE;all'intersezione semaforizzata con;VIA DI PORTA MAGGIORE;VIA DI PORTA MAGGIORE;;;Scontro frontale/laterale DX fra veicoli in marcia;Intersezione semaforizzata;Una carreggiata a senso unico di marcia;Bagnato (pioggia);Asfaltata;Verticale ed orizzontale;Pioggia in atto;Normale;Buona;Ore Diurne;0;0;0;2;12.51403;41.89177;-1;1;Motociclo a solo;In marcia / fermata / arresto;Conducente;M;Illeso;0;;;;
2529487;1;07/10/2015 13:35;Strada Urbana;PIAZZA DI PORTA MAGGIORE;all'intersezione semaforizzata con;VIA DI PORTA MAGGIORE;VIA DI PORTA MAGGIORE;;;Scontro frontale/laterale DX fra veicoli in marcia;Intersezione semaforizzata;Una carreggiata a senso unico di marcia;Bagnato (pioggia);Asfaltata;Verticale ed orizzontale;Pioggia in atto;Normale;Buona;Ore Diurne;0;0;0;2;12.51403;41.89177;-1;2;Autovettura privata;In marcia / fermata / arresto;Conducente;F;Illeso;0;;;;
2529508;1;07/10/2015 14:20;Strada Urbana;VIA PALERMO;in corrispondenza;;del civico n.;36;;Veicolo in marcia contro ostacolo accidentale;Pendenza;Una carreggiata a senso unico di marcia;Viscido da liquidi oleosi;In cubetti di porfido;Verticale ed orizzontale;Pioggia in atto;Normale;Buona;Ore Diurne;0;0;0;1;12.49298;41.89951;-1;1;Motociclo a solo;In marcia / fermata / arresto;Conducente;F;Illeso;0;;;;
2529526;1;07/10/2015 09:45;Strada Urbana;VIA VITTORIO VENETO;in corrispondenza;;del civico n.;155;;Scontro frontale fra veicoli in marcia;Rettilineo;Una carreggiata a doppio senso;Asciutto;Asfaltata;Verticale ed orizzontale;Nuvoloso;Intenso;Buona;Ore Diurne;1;0;0;1;12.48944;41.90809;-1;1;Autovettura privata;In marcia / fermata / arresto;Conducente;M;Illeso;0;;Non accertato;Inesploso;
2529526;1;07/10/2015 09:45;Strada Urbana;VIA VITTORIO VENETO;in corrispondenza;;del civico n.;155;;Scontro frontale fra veicoli in marcia;Rettilineo;Una carreggiata a doppio senso;Asciutto;Asfaltata;Verticale ed orizzontale;Nuvoloso;Intenso;Buona;Ore Diurne;1;0;0;1;12.48944;41.90809;-1;2;Motociclo a solo;In marcia / fermata / arresto;Conducente;M;Rimandato;0;NON DECEDUTO;;;
2529532;12;06/10/2015 13:30;Strada Urbana;VIA CRISTOFORO COLOMBO;da specificare;;;;prox. distributore Esso civ. 494;Tamponamento Multiplo;Rettilineo;Più di due carreggiate;Asciutto;Asfaltata;Verticale ed orizzontale;Sereno;Normale;Buona;Ore Diurne;1;0;0;2;12.46455;41.82011;-1;1;Autovettura privata;In marcia / fermata / arresto;Conducente;M;Illeso;0;;Utilizzato;Inesploso;
2529532;12;06/10/2015 13:30;Strada Urbana;VIA CRISTOFORO COLOMBO;da specificare;;;;prox. distributore Esso civ. 494;Tamponamento Multiplo;Rettilineo;Più di due carreggiate;Asciutto;Asfaltata;Verticale ed orizzontale;Sereno;Normale;Buona;Ore Diurne;1;0;0;2;12.46455;41.82011;-1;2;Autocarro inferiore 35 q.;In marcia / fermata / arresto;Conducente;M;Illeso;0;;Utilizzato;Inesploso;
2529532;12;06/10/2015 13:30;Strada Urbana;VIA CRISTOFORO COLOMBO;da specificare;;;;prox. distributore Esso civ. 494;Tamponamento Multiplo;Rettilineo;Più di due carreggiate;Asciutto;Asfaltata;Verticale ed orizzontale;Sereno;Normale;Buona;Ore Diurne;1;0;0;2;12.46455;41.82011;-1;3;Autovettura privata;In marcia / fermata / arresto;Conducente;M;Rimandato;0;NON DECEDUTO;Utilizzato;Inesploso;
2529543;1;07/10/2015 09:45;Strada Urbana;VIA ROMOLO GESSI;all'intersezione con;VIA AMERIGO VESPUCCI;VIA AMERIGO VESPUCCI;;;Scontro frontale fra veicoli in marcia;Incrocio;Una carreggiata a senso unico di marcia;Asciutto;In cubetti di porfido;Verticale ed orizzontale;Nuvoloso;Scarso;Buona;Ore Diurne;1;0;0;1;12.47496;41.8814;-1;1;Autocarro inferiore 35 q.;In marcia / fermata / arresto;Conducente;M;Illeso;0;;;;
2529543;1;07/10/2015 09:45;Strada Urbana;VIA ROMOLO GESSI;all'intersezione con;VIA AMERIGO VESPUCCI;VIA AMERIGO VESPUCCI;;;Scontro frontale fra veicoli in marcia;Incrocio;Una carreggiata a senso unico di marcia;Asciutto;In cubetti di porfido;Verticale ed orizzontale;Nuvoloso;Scarso;Buona;Ore Diurne;1;0;0;1;12.47496;41.8814;-1;2;Motociclo a solo;In marcia / fermata / arresto;Conducente;M;Ricoverato;0;NON DECEDUTO;;;
2529567;12;07/10/2015 21:00;Strada Urbana;VIA MAR ROSSO;da specificare;;;;prox. farmacia e fermata bus;Tamponamento;Rettilineo;Una carreggiata a doppio senso;Asciutto;Asfaltata;Verticale ed orizzontale;Sereno;Normale;Buona;Insufficiente;1;0;0;5;12.29886;41.73356;-1;;;;Pedone;M;Rimandato;0;NON DECEDUTO;;;
2529567;12;07/10/2015 21:00;Strada Urbana;VIA MAR ROSSO;da specificare;;;;prox. farmacia e fermata bus;Tamponamento;Rettilineo;Una carreggiata a doppio senso;Asciutto;Asfaltata;Verticale ed orizzontale;Sereno;Normale;Buona;Insufficiente;1;0;0;5;12.29886;41.73356;-1;;;;Pedone;M;Illeso;0;;;;
2529567;12;07/10/2015 21:00;Strada Urbana;VIA MAR ROSSO;da specificare;;;;prox. farmacia e fermata bus;Tamponamento;Rettilineo;Una carreggiata a doppio senso;Asciutto;Asfaltata;Verticale ed orizzontale;Sereno;Normale;Buona;Insufficiente;1;0;0;5;12.29886;41.73356;-1;1;Autovettura privata;In marcia / fermata / arresto;Conducente;F;Illeso;0;;Utilizzato;Inesploso;
2529567;12;07/10/2015 21:00;Strada Urbana;VIA MAR ROSSO;da specificare;;;;prox. farmacia e fermata bus;Tamponamento;Rettilineo;Una carreggiata a doppio senso;Asciutto;Asfaltata;Verticale ed orizzontale;Sereno;Normale;Buona;Insufficiente;1;0;0;5;12.29886;41.73356;-1;1;Autovettura privata;In marcia / fermata / arresto;Passeggero;M;Illeso;0;;Utilizzato;Inesploso;
2529567;12;07/10/2015 21:00;Strada Urbana;VIA MAR ROSSO;da specificare;;;;prox. farmacia e fermata bus;Tamponamento;Rettilineo;Una carreggiata a doppio senso;Asciutto;Asfaltata;Verticale ed orizzontale;Sereno;Normale;Buona;Insufficiente;1;0;0;5;12.29886;41.73356;-1;1;Autovettura privata;In marcia / fermata / arresto;Passeggero;F;Illeso;0;;Utilizzato;Inesploso;
2529567;12;07/10/2015 21:00;Strada Urbana;VIA MAR ROSSO;da specificare;;;;prox. farmacia e fermata bus;Tamponamento;Rettilineo;Una carreggiata a doppio senso;Asciutto;Asfaltata;Verticale ed orizzontale;Sereno;Normale;Buona;Insufficiente;1;0;0;5;12.29886;41.73356;-1;2;Autovettura privata;In marcia / fermata / arresto;Conducente;M;Illeso;0;;Utilizzato;Inesploso;
2529588;2;08/10/2015 12:50;Strada Urbana;VIA DEI MONTI PARIOLI;all'intersezione con;LARGO DEI MONTI PARIOLI;LARGO DEI MONTI PARIOLI;;;Scontro frontale/laterale SX fra veicoli in marcia;Incrocio;Una carreggiata a doppio senso;Asciutto;Asfaltata;Verticale ed orizzontale;Sereno;Scarso;Buona;Ore Diurne;0;0;0;2;12.47672;41.92078;-1;1;Autovettura privata;In marcia / fermata / arresto;Conducente;F;Illeso;0;;Non accertato;Inesploso;
2529588;2;08/10/2015 12:50;Strada Urbana;VIA DEI MONTI PARIOLI;all'intersezione con;LARGO DEI MONTI PARIOLI;LARGO DEI MONTI PARIOLI;;;Scontro frontale/laterale SX fra veicoli in marcia;Incrocio;Una carreggiata a doppio senso;Asciutto;Asfaltata;Verticale ed orizzontale;Sereno;Scarso;Buona;Ore Diurne;0;0;0;2;12.47672;41.92078;-1;2;Autovettura privata;In marcia / fermata / arresto;Conducente;F;Illeso;0;;Non accertato;Inesploso;
2529597;1;07/10/2015 14:25;Strada Urbana;VIA MARSALA;in prossimità;;del civico n.;53;;Scontro laterale fra veicoli in marcia;Rettilineo;Una carreggiata a senso unico di marcia;Bagnato (umidità in atto);Acciotolata;Verticale ed orizzontale;Nuvoloso;Normale;Buona;Ore Diurne;1;0;0;0;12.50298;41.90201;-1;1;Motociclo a solo;In marcia / fermata / arresto;Conducente;M;Rifiuta cure immediate;0;NON DECEDUTO;Non accertato;;
2529599;10;08/10/2015 17:30;Strada Urbana;VIA GIUSEPPE CAPOGRASSI;da specificare;;;;area parcheggio Parco Pubblico Petrocelli;Veicolo in marcia contro veicolo in sosta;Rettilineo;Una carreggiata a doppio senso;Asciutto;Asfaltata;Assente;Sereno;Scarso;Buona;Ore Diurne;0;0;0;1;12.6084;41.83853;-1;1;Autovettura privata;In marcia / fermata / arresto;Conducente;F;Illeso;0;;Non accertato;Inesploso;
2529608;1;07/10/2015 12:25;Strada Urbana;PIAZZA DI SPAGNA;in prossimità;;del civico n.;74;;Investimento di pedone;Rettilineo;Una carreggiata a senso unico di marcia;Asciutto;Acciotolata;Verticale ed orizzontale;Nuvoloso;Scarso;Buona;Ore Diurne;0;0;0;1;12.48219;41.90569;-1;;;;Pedone;M;Illeso;0;;;;
2529624;1;07/10/2015 16:20;Strada Urbana;VIA DEL CORSO;in corrispondenza;;del civico n.;263;;Veicolo in marcia contro veicolo fermo;Rettilineo;Una carreggiata a doppio senso;Asciutto;Asfaltata;Verticale ed orizzontale;Sereno;Normale;Buona;Ore Diurne;0;0;0;2;12.48163;41.89805;-1;1;Autovettura pubblica;In marcia / fermata / arresto;Conducente;M;Illeso;0;;;;
2529624;1;07/10/2015 16:20;Strada Urbana;VIA DEL CORSO;in corrispondenza;;del civico n.;263;;Veicolo in marcia contro veicolo fermo;Rettilineo;Una carreggiata a doppio senso;Asciutto;Asfaltata;Verticale ed orizzontale;Sereno;Normale;Buona;Ore Diurne;0;0;0;2;12.48163;41.89805;-1;2;Velocipede;In marcia / fermata / arresto;Conducente;M;Illeso;0;;Esente;;
2529639;6;08/10/2015 18:00;Strada Urbana;VIA ALBERTO DA GIUSSANO;all'intersezione con;VIA CONTE DI CARMAGNOLA;VIA CONTE DI CARMAGNOLA;;;Investimento di pedone;Incrocio;Una carreggiata a doppio senso;Asciutto;Asfaltata;Orizzontale;Sereno;Normale;Buona;Ore Diurne;1;0;0;1;12.53455;41.89024;-1;;;;Pedone;F;Rimandato;0;NON DECEDUTO;;;
2529639;6;08/10/2015 18:00;Strada Urbana;VIA ALBERTO DA GIUSSANO;all'intersezione con;VIA CONTE DI CARMAGNOLA;VIA CONTE DI CARMAGNOLA;;;Investimento di pedone;Incrocio;Una carreggiata a doppio senso;Asciutto;Asfaltata;Orizzontale;Sereno;Normale;Buona;Ore Diurne;1;0;0;1;12.53455;41.89024;-1;1;Autovettura privata;In marcia / fermata / arresto;Conducente;F;Illeso;0;;Non accertato;Inesploso;
2529646;1;08/10/2015 18:15;Strada Urbana;VIA MAMIANI;all'intersezione con;VIA FILIPPO TURATI;VIA FILIPPO TURATI;;;Scontro laterale fra veicoli in marcia;Incrocio;Una carreggiata a senso unico di marcia;Asciutto;Asfaltata;Verticale ed orizzontale;Sereno;Normale;Buona;Ore Diurne;0;0;0;3;12.50548;41.89661;-1;1;Autovettura privata;In marcia / fermata / arresto;Conducente;F;Illeso;0;;Non accertato;Inesistente;
2529646;1;08/10/2015 18:15;Strada Urbana;VIA MAMIANI;all'intersezione con;VIA FILIPPO TURATI;VIA FILIPPO TURATI;;;Scontro laterale fra veicoli in marcia;Incrocio;Una carreggiata a senso unico di marcia;Asciutto;Asfaltata;Verticale ed orizzontale;Sereno;Normale;Buona;Ore Diurne;0;0;0;3;12.50548;41.89661;-1;1;Autovettura privata;In marcia / fermata / arresto;Passeggero;M;Illeso;0;;Non accertato;Inesistente;
2529646;1;08/10/2015 18:15;Strada Urbana;VIA MAMIANI;all'intersezione con;VIA FILIPPO TURATI;VIA FILIPPO TURATI;;;Scontro laterale fra veicoli in marcia;Incrocio;Una carreggiata a senso unico di marcia;Asciutto;Asfaltata;Verticale ed orizzontale;Sereno;Normale;Buona;Ore Diurne;0;0;0;3;12.50548;41.89661;-1;2;Autovettura privata;In marcia / fermata / arresto;Conducente;F;Illeso;0;;Non accertato;Inesploso;
2529673;15;08/10/2015 18:20;Strada Urbana;VIA ENRICO FERMI;all'intersezione con;VIA AVICENNA;VIA AVICENNA;;;Scontro laterale fra veicoli in marcia;Incrocio;Due carreggiate;Asciutto;Asfaltata;Verticale ed orizzontale;Sereno;Normale;Buona;Sufficiente;2;0;0;0;12.47169;41.86448;-1;1;Motociclo a solo;In marcia / fermata / arresto;Conducente;M;Ricoverato;0;NON DECEDUTO;Utilizzato;;
2529673;15;08/10/2015 18:20;Strada Urbana;VIA ENRICO FERMI;all'intersezione con;VIA AVICENNA;VIA AVICENNA;;;Scontro laterale fra veicoli in marcia;Incrocio;Due carreggiate;Asciutto;Asfaltata;Verticale ed orizzontale;Sereno;Normale;Buona;Sufficiente;2;0;0;0;12.47169;41.86448;-1;2;Motociclo a solo;In marcia / fermata / arresto;Conducente;M;Rimandato;0;NON DECEDUTO;Utilizzato;;
2529723;19;08/10/2015 19:40;Strada Urbana;VIA PIETRO BEMBO;all'intersezione con;VIA BENEDETTO ALOISI MASELLA;VIA BENEDETTO ALOISI MASELLA;;;Scontro frontale/laterale DX fra veicoli in marcia;Intersezione semaforizzata;Una carreggiata a doppio senso;Asciutto;Asfaltata;Verticale ed orizzontale;Sereno;Normale;Buona;Sufficiente;1;0;0;1;12.41092;41.91664;-1;1;Autovettura privata;In marcia / fermata / arresto;Conducente;M;Illeso;0;;Non accertato;Inesploso;
2529723;19;08/10/2015 19:40;Strada Urbana;VIA PIETRO BEMBO;all'intersezione con;VIA BENEDETTO ALOISI MASELLA;VIA BENEDETTO ALOISI MASELLA;;;Scontro frontale/laterale DX fra veicoli in marcia;Intersezione semaforizzata;Una carreggiata a doppio senso;Asciutto;Asfaltata;Verticale ed orizzontale;Sereno;Normale;Buona;Sufficiente;1;0;0;1;12.41092;41.91664;-1;2;Motociclo a solo;In marcia / fermata / arresto;Conducente;M;Rimandato;0;NON DECEDUTO;Non accertato;;
2529965;9;08/10/2015 10:30;Strada Urbana;VIALE CASTRENSE;da specificare;;;;prossimità VIA S. SEVERO;Scontro laterale fra veicoli in marcia;Rettilineo;Due carreggiate;Asciutto;Asfaltata;Verticale ed orizzontale;Sereno;Normale;Buona;Ore Diurne;0;0;0;2;12.51259;41.88674;-1;1;Autovettura privata;In marcia / fermata / arresto;Conducente;F;Illeso;0;;Non accertato;Inesploso;
2529965;9;08/10/2015 10:30;Strada Urbana;VIALE CASTRENSE;da specificare;;;;prossimità VIA S. SEVERO;Scontro laterale fra veicoli in marcia;Rettilineo;Due carreggiate;Asciutto;Asfaltata;Verticale ed orizzontale;Sereno;Normale;Buona;Ore Diurne;0;0;0;2;12.51259;41.88674;-1;2;Autovettura privata;In marcia / fermata / arresto;Conducente;M;Illeso;0;;Non accertato;Inesploso;
2530010;5;08/10/2015 11:30;Strada Urbana;VIA DI CASAL DEI PAZZI;in corrispondenza;;del civico n.;39;;Scontro frontale/laterale DX fra veicoli in marcia;Curva a visuale libera;Una carreggiata a doppio senso;Asciutto;Asfaltata;Orizzontale;Sereno;Normale;Buona;Ore Diurne;1;0;0;1;12.57037;41.92669;-1;1;Motociclo a solo;In marcia / fermata / arresto;Conducente;M;Rimandato;0;NON DECEDUTO;Utilizzato;;
2530010;5;08/10/2015 11:30;Strada Urbana;VIA DI CASAL DEI PAZZI;in corrispondenza;;del civico n.;39;;Scontro frontale/laterale DX fra veicoli in marcia;Curva a visuale libera;Una carreggiata a doppio senso;Asciutto;Asfaltata;Orizzontale;Sereno;Normale;Buona;Ore Diurne;1;0;0;1;12.57037;41.92669;-1;2;Autovettura privata;In marcia / fermata / arresto;Conducente;F;Illeso;0;;Non accertato;Inesploso;
2530035;11;08/10/2015 20:40;Strada Urbana;VIA GEROLAMO CARDANO;all'intersezione semaforizzata con;PIAZZA ANTONIO MEUCCI;PIAZZA ANTONIO MEUCCI;;;Scontro laterale fra veicoli in marcia;Incrocio;Una carreggiata a doppio senso;Asciutto;Asfaltata;Verticale ed orizzontale;Sereno;Normale;Buona;Sufficiente;0;0;0;3;12.4644;41.86238;-1;1;Autovettura privata;In marcia / fermata / arresto;Conducente;M;Illeso;0;;Non accertato;Inesploso;
2530035;11;08/10/2015 20:40;Strada Urbana;VIA GEROLAMO CARDANO;all'intersezione semaforizzata con;PIAZZA ANTONIO MEUCCI;PIAZZA ANTONIO MEUCCI;;;Scontro laterale fra veicoli in marcia;Incrocio;Una carreggiata a doppio senso;Asciutto;Asfaltata;Verticale ed orizzontale;Sereno;Normale;Buona;Sufficiente;0;0;0;3;12.4644;41.86238;-1;1;Autovettura privata;In marcia / fermata / arresto;Passeggero;F;Illeso;0;;Non accertato;Inesploso;
2530035;11;08/10/2015 20:40;Strada Urbana;VIA GEROLAMO CARDANO;all'intersezione semaforizzata con;PIAZZA ANTONIO MEUCCI;PIAZZA ANTONIO MEUCCI;;;Scontro laterale fra veicoli in marcia;Incrocio;Una carreggiata a doppio senso;Asciutto;Asfaltata;Verticale ed orizzontale;Sereno;Normale;Buona;Sufficiente;0;0;0;3;12.4644;41.86238;-1;2;Autocarro inferiore 35 q.;In marcia / fermata / arresto;Conducente;M;Illeso;0;;Non accertato;Inesploso;
2530036;5;08/10/2015 19:30;Strada Urbana;VIA DEL CASALE DI S. BASILIO;da specificare;;;;in prossimità di via Fabriano;Tamponamento;Rettilineo;Una carreggiata a doppio senso;Asciutto;Asfaltata;Verticale ed orizzontale;Sereno;Intenso;Buona;Sufficiente;2;0;0;1;12.58014;41.9374;-1;1;Autovettura privata;In marcia / fermata / arresto;Conducente;F;Rimandato;0;NON DECEDUTO;Non accertato;Inesploso;
2530036;5;08/10/2015 19:30;Strada Urbana;VIA DEL CASALE DI S. BASILIO;da specificare;;;;in prossimità di via Fabriano;Tamponamento;Rettilineo;Una carreggiata a doppio senso;Asciutto;Asfaltata;Verticale ed orizzontale;Sereno;Intenso;Buona;Sufficiente;2;0;0;1;12.58014;41.9374;-1;1;Autovettura privata;In marcia / fermata / arresto;Passeggero;F;Rimandato;0;NON DECEDUTO;Non accertato;;
2530036;5;08/10/2015 19:30;Strada Urbana;VIA DEL CASALE DI S. BASILIO;da specificare;;;;in prossimità di via Fabriano;Tamponamento;Rettilineo;Una carreggiata a doppio senso;Asciutto;Asfaltata;Verticale ed orizzontale;Sereno;Intenso;Buona;Sufficiente;2;0;0;1;12.58014;41.9374;-1;2;Autovettura privata;In marcia / fermata / arresto;Conducente;M;Illeso;0;;Non accertato;;
2530042;11;09/10/2015 03:00;Strada Urbana;VIA CRISTOFORO COLOMBO;all'intersezione semaforizzata con;VIA PADRE SEMERIA;VIA PADRE SEMERIA;;;Scontro frontale/laterale DX fra veicoli in marcia;Intersezione semaforizzata;Più di due carreggiate;Asciutto;Asfaltata;Verticale ed orizzontale;Sereno;Scarso;Buona;Sufficiente;1;0;0;2;12.49739;41.86368;-1;1;Autovettura privata;In marcia / fermata / arresto;Conducente;M;Illeso;0;;Non accertato;Inesistente;
2530042;11;09/10/2015 03:00;Strada Urbana;VIA CRISTOFORO COLOMBO;all'intersezione semaforizzata con;VIA PADRE SEMERIA;VIA PADRE SEMERIA;;;Scontro frontale/laterale DX fra veicoli in marcia;Intersezione semaforizzata;Più di due carreggiate;Asciutto;Asfaltata;Verticale ed orizzontale;Sereno;Scarso;Buona;Sufficiente;1;0;0;2;12.49739;41.86368;-1;1;Autovettura privata;In marcia / fermata / arresto;Passeggero;M;Illeso;0;;Non accertato;Inesistente;
2530042;11;09/10/2015 03:00;Strada Urbana;VIA CRISTOFORO COLOMBO;all'intersezione semaforizzata con;VIA PADRE SEMERIA;VIA PADRE SEMERIA;;;Scontro frontale/laterale DX fra veicoli in marcia;Intersezione semaforizzata;Più di due carreggiate;Asciutto;Asfaltata;Verticale ed orizzontale;Sereno;Scarso;Buona;Sufficiente;1;0;0;2;12.49739;41.86368;-1;2;Autovettura privata;In marcia / fermata / arresto;Conducente;F;Rifiuta cure immediate;0;NON DECEDUTO;Non accertato;Esploso;