Protocollo;Gruppo;DataOraIncidente;Localizzazione1;STRADA1;Localizzazione2;STRADA2;Strada02;Chilometrica;DaSpecificare;NaturaIncidente;particolaritastrade;TipoStrada;FondoStradale;Pavimentazione;Segnaletica;CondizioneAtmosferica;Traffico;Visibilita;Illuminazione;NUM_FERITI;NUM_RISERVATA;NUM_MORTI;NUM_ILLESI;Longitudine;Latitudine;Confermato;Progressivo;TipoVeicolo;StatoVeicolo;TipoPersona;Sesso;Tipolesione;Deceduto;DecedutoDopo;CinturaCascoUtilizzato;Airbag;
2533592;9;10/10/2015 10:30;Strada Urbana;PIAZZA LODI;da specificare;;;;fronte civico 1d;Scontro laterale fra veicoli in marcia;Rotatoria;Una carreggiata a senso unico di marcia;Bagnato (pioggia);Asfaltata;Verticale ed orizzontale;Pioggia in atto;Normale;Sufficiente;Ore Diurne;0;0;0;4;12.52119;41.88714;-1;2;Autovettura privata;In marcia / fermata / arresto;Passeggero;M;Illeso;0;;Non accertato;Inesploso;
2533593;9;10/10/2015 14:55;Strada Urbana;PIAZZALE APPIO;all'intersezione con;VIALE CASTRENSE;VIALE CASTRENSE;;;Investimento di pedone;Intersezione semaforizzata;Più di due carreggiate;Bagnato (pioggia);Asfaltata;Temporanea di cantiere;Pioggia in atto;Normale;Sufficiente;Ore Diurne;1;0;0;1;12.50959;41.88543;-1;;;;Pedone;M;Rimandato;0;NON DECEDUTO;;;
2533593;9;10/10/2015 14:55;Strada Urbana;PIAZZALE APPIO;all'intersezione con;VIALE CASTRENSE;VIALE CASTRENSE;;;Investimento di pedone;Intersezione semaforizzata;Più di due carreggiate;Bagnato (pioggia);Asfaltata;Temporanea di cantiere;Pioggia in atto;Normale;Sufficiente;Ore Diurne;1;0;0;1;12.50959;41.88543;-1;1;Autovettura privata;In marcia / fermata / arresto;Conducente;M;Illeso;0;;Non accertato;Inesploso;
2533594;9;10/10/2015 18:30;Strada Urbana;VIA VEIO;in prossimità;;del civico n.;30;;Scontro laterale fra veicoli in marcia;Rettilineo;Una carreggiata a senso unico di marcia;Bagnato (pioggia);Asfaltata;Verticale ed orizzontale;Pioggia in atto;Normale;Sufficiente;Sufficiente;0;0;0;4;12.50958;41.88403;-1;1;Autovettura privata;In marcia / fermata / arresto;Conducente;F;Illeso;0;;Non accertato;Inesploso;
2533594;9;10/10/2015 18:30;Strada Urbana;VIA VEIO;in prossimità;;del civico n.;30;;Scontro laterale fra veicoli in marcia;Rettilineo;Una carreggiata a senso unico di marcia;Bagnato (pioggia);Asfaltata;Verticale ed orizzontale;Pioggia in atto;Normale;Sufficiente;Sufficiente;0;0;0;4;12.50958;41.88403;-1;1;Autovettura privata;In marcia / fermata / arresto;Passeggero;M;Illeso;0;;Non accertato;Inesploso;
2533594;9;10/10/2015 18:30;Strada Urbana;VIA VEIO;in prossimità;;del civico n.;30;;Scontro laterale fra veicoli in marcia;Rettilineo;Una carreggiata a senso unico di marcia;Bagnato (pioggia);Asfaltata;Verticale ed orizzontale;Pioggia in atto;Normale;Sufficiente;Sufficiente;0;0;0;4;12.50958;41.88403;-1;2;Motociclo con passeggero;In marcia / fermata / arresto;Conducente;M;Illeso;0;;Non accertato;;
2533594;9;10/10/2015 18:30;Strada Urbana;VIA VEIO;in prossimità;;del civico n.;30;;Scontro laterale fra veicoli in marcia;Rettilineo;Una carreggiata a senso unico di marcia;Bagnato (pioggia);Asfaltata;Verticale ed orizzontale;Pioggia in atto;Normale;Sufficiente;Sufficiente;0;0;0;4;12.50958;41.88403;-1;2;Motociclo con passeggero;In marcia / fermata / arresto;Passeggero;M;Illeso;0;;Non accertato;;
2533597;9;10/10/2015 10:10;Strada Urbana;VIA APPIA NUOVA;da specificare;;;;altezza VIA DEI CESSATI SPIRITI fronte civico 2;Scontro laterale fra veicoli in marcia;Rettilineo;Una carreggiata a senso unico di marcia;Bagnato (pioggia);Asfaltata;Verticale ed orizzontale;Pioggia in atto;Normale;Sufficiente;Ore Diurne;0;0;0;3;12.53199;41.86333;-1;1;Autovettura privata;In marcia / fermata / arresto;Conducente;F;Illeso;0;;Non accertato;Inesploso;
2533597;9;10/10/2015 10:10;Strada Urbana;VIA APPIA NUOVA;da specificare;;;;altezza VIA DEI CESSATI SPIRITI fronte civico 2;Scontro laterale fra veicoli in marcia;Rettilineo;Una carreggiata a senso unico di marcia;Bagnato (pioggia);Asfaltata;Verticale ed orizzontale;Pioggia in atto;Normale;Sufficiente;Ore Diurne;0;0;0;3;12.53199;41.86333;-1;2;Autovettura privata;In marcia / fermata / arresto;Conducente;F;Illeso;0;;Non accertato;Inesploso;
2533597;9;10/10/2015 10:10;Strada Urbana;VIA APPIA NUOVA;da specificare;;;;altezza VIA DEI CESSATI SPIRITI fronte civico 2;Scontro laterale fra veicoli in marcia;Rettilineo;Una carreggiata a senso unico di marcia;Bagnato (pioggia);Asfaltata;Verticale ed orizzontale;Pioggia in atto;Normale;Sufficiente;Ore Diurne;0;0;0;3;12.53199;41.86333;-1;2;Autovettura privata;In marcia / fermata / arresto;Passeggero;M;Illeso;0;;Non accertato;Inesploso;
2533598;9;10/10/2015 20:30;Strada Urbana;VIA TUSCOLANA;in prossimità;;del civico n.;608;;Scontro laterale fra veicoli in marcia;Rettilineo;Due carreggiate;Bagnato (pioggia);Asfaltata;Verticale ed orizzontale;Pioggia in atto;Normale;Sufficiente;Sufficiente;0;0;0;4;12.53824;41.86889;-1;1;Motociclo a solo;In marcia / fermata / arresto;Conducente;M;Illeso;0;;Non accertato;;
2533598;9;10/10/2015 20:30;Strada Urbana;VIA TUSCOLANA;in prossimità;;del civico n.;608;;Scontro laterale fra veicoli in marcia;Rettilineo;Due carreggiate;Bagnato (pioggia);Asfaltata;Verticale ed orizzontale;Pioggia in atto;Normale;Sufficiente;Sufficiente;0;0;0;4;12.53824;41.86889;-1;2;Motociclo a solo;In marcia / fermata / arresto;Conducente;M;Illeso;0;;Non accertato;;
2533598;9;10/10/2015 20:30;Strada Urbana;VIA TUSCOLANA;in prossimità;;del civico n.;608;;Scontro laterale fra veicoli in marcia;Rettilineo;Due carreggiate;Bagnato (pioggia);Asfaltata;Verticale ed orizzontale;Pioggia in atto;Normale;Sufficiente;Sufficiente;0;0;0;4;12.53824;41.86889;-1;3;Autovettura privata;In marcia / fermata / arresto;Conducente;M;Illeso;0;;Non accertato;Inesploso;
2533598;9;10/10/2015 20:30;Strada Urbana;VIA TUSCOLANA;in prossimità;;del civico n.;608;;Scontro laterale fra veicoli in marcia;Rettilineo;Due carreggiate;Bagnato (pioggia);Asfaltata;Verticale ed orizzontale;Pioggia in atto;Normale;Sufficiente;Sufficiente;0;0;0;4;12.53824;41.86889;-1;3;Autovettura privata;In marcia / fermata / arresto;Passeggero;M;Illeso;0;;Non accertato;Inesploso;
2533599;9;11/10/2015 11:00;Strada Urbana;VIA FREGENE;in corrispondenza;;del civico n.;3;;Veicolo in marcia contro veicolo in sosta;Rettilineo;Una carreggiata a senso unico di marcia;Asciutto;Asfaltata;Orizzontale;Sereno;Scarso;Buona;Ore Diurne;0;0;0;2;12.51181;41.88329;-1;1;Autovettura privata;Sosta;Passeggero;F;Illeso;0;;Non accertato;Inesploso;
2533599;9;11/10/2015 11:00;Strada Urbana;VIA FREGENE;in corrispondenza;;del civico n.;3;;Veicolo in marcia contro veicolo in sosta;Rettilineo;Una carreggiata a senso unico di marcia;Asciutto;Asfaltata;Orizzontale;Sereno;Scarso;Buona;Ore Diurne;0;0;0;2;12.51181;41.88329;-1;2;Autovettura privata;In marcia / fermata / arresto;Conducente;M;Illeso;0;;Non accertato;Inesploso;
2533600;9;11/10/2015 14:30;Strada Urbana;VIA LATINA;all'intersezione con;VIA MARCO TABARRINI;VIA MARCO TABARRINI;;;Scontro laterale fra veicoli in marcia;Incrocio;Una carreggiata a senso unico di marcia;Asciutto;Asfaltata;Verticale ed orizzontale;Sereno;Scarso;Buona;Ore Diurne;0;0;0;2;12.51416;41.87327;-1;1;Autovettura privata;In marcia / fermata / arresto;Conducente;M;Illeso;0;;Non accertato;Inesploso;
2533600;9;11/10/2015 14:30;Strada Urbana;VIA LATINA;all'intersezione con;VIA MARCO TABARRINI;VIA MARCO TABARRINI;;;Scontro laterale fra veicoli in marcia;Incrocio;Una carreggiata a senso unico di marcia;Asciutto;Asfaltata;Verticale ed orizzontale;Sereno;Scarso;Buona;Ore Diurne;0;0;0;2;12.51416;41.87327;-1;2;Autovettura privata;In marcia / fermata / arresto;Conducente;F;Illeso;0;;Non accertato;Inesploso;
2533656;9;11/10/2015 16:30;Strada Urbana;VIA TODI;all'intersezione con;VIA NARNI;VIA NARNI;;;Scontro laterale fra veicoli in marcia;Incrocio;Una carreggiata a doppio senso;Asciutto;Asfaltata;Orizzontale;Sereno;Scarso;Buona;Ore Diurne;0;0;0;3;12.52806;41.87922;-1;1;Autovettura privata;In marcia / fermata / arresto;Conducente;M;Illeso;0;;Non accertato;Inesploso;
2533656;9;11/10/2015 16:30;Strada Urbana;VIA TODI;all'intersezione con;VIA NARNI;VIA NARNI;;;Scontro laterale fra veicoli in marcia;Incrocio;Una carreggiata a doppio senso;Asciutto;Asfaltata;Orizzontale;Sereno;Scarso;Buona;Ore Diurne;0;0;0;3;12.52806;41.87922;-1;1;Autovettura privata;In marcia / fermata / arresto;Passeggero;F;Illeso;0;;Non accertato;Inesploso;
2533656;9;11/10/2015 16:30;Strada Urbana;VIA TODI;all'intersezione con;VIA NARNI;VIA NARNI;;;Scontro laterale fra veicoli in marcia;Incrocio;Una carreggiata a doppio senso;Asciutto;Asfaltata;Orizzontale;Sereno;Scarso;Buona;Ore Diurne;0;0;0;3;12.52806;41.87922;-1;2;Autovettura privata;In marcia / fermata / arresto;Conducente;F;Illeso;0;;Non accertato;Inesploso;
2533662;11;11/10/2015 17:40;Strada Urbana;VIA GIOVANNI GENOCCHI;da specificare;;;;prossimità P.ZZA O. DA PORDENONE;Tamponamento Multiplo;Rettilineo;Una carreggiata a doppio senso;Asciutto;Asfaltata;Verticale ed orizzontale;Sereno;Intenso;Buona;Ore Diurne;0;0;0;4;12.49459;41.86005;-1;1;Autovettura privata;In marcia / fermata / arresto;Conducente;M;Illeso;0;;Non accertato;Inesploso;
2533662;11;11/10/2015 17:40;Strada Urbana;VIA GIOVANNI GENOCCHI;da specificare;;;;prossimità P.ZZA O. DA PORDENONE;Tamponamento Multiplo;Rettilineo;Una carreggiata a doppio senso;Asciutto;Asfaltata;Verticale ed orizzontale;Sereno;Intenso;Buona;Ore Diurne;0;0;0;4;12.49459;41.86005;-1;1;Autovettura privata;In marcia / fermata / arresto;Passeggero;M;Illeso;0;;Non accertato;Inesploso;
2533662;11;11/10/2015 17:40;Strada Urbana;VIA GIOVANNI GENOCCHI;da specificare;;;;prossimità P.ZZA O. DA PORDENONE;Tamponamento Multiplo;Rettilineo;Una carreggiata a doppio senso;Asciutto;Asfaltata;Verticale ed orizzontale;Sereno;Intenso;Buona;Ore Diurne;0;0;0;4;12.49459;41.86005;-1;2;Autovettura privata;In marcia / fermata / arresto;Conducente;F;Illeso;0;;Non accertato;Inesploso;
2533662;11;11/10/2015 17:40;Strada Urbana;VIA GIOVANNI GENOCCHI;da specificare;;;;prossimità P.ZZA O. DA PORDENONE;Tamponamento Multiplo;Rettilineo;Una carreggiata a doppio senso;Asciutto;Asfaltata;Verticale ed orizzontale;Sereno;Intenso;Buona;Ore Diurne;0;0;0;4;12.49459;41.86005;-1;3;Autovettura privata;In marcia / fermata / arresto;Conducente;M;Illeso;0;;Non accertato;Inesploso;
2533663;11;11/10/2015 15:00;Strada Urbana;VIA DI TOR CARBONE;da specificare;;;;100 mt prima di via Casale Marini, dir. Ardeatina;Veicolo in marcia contro ostacolo accidentale;Rettilineo;Una carreggiata a doppio senso;Asciutto;Con buche;Orizzontale;Sereno;Normale;Buona;Ore Diurne;0;0;0;2;12.52993;41.82617;-1;1;Autovettura privata;In marcia / fermata / arresto;Conducente;F;Illeso;0;;Non accertato;;
2533663;11;11/10/2015 15:00;Strada Urbana;VIA DI TOR CARBONE;da specificare;;;;100 mt prima di via Casale Marini, dir. Ardeatina;Veicolo in marcia contro ostacolo accidentale;Rettilineo;Una carreggiata a doppio senso;Asciutto;Con buche;Orizzontale;Sereno;Normale;Buona;Ore Diurne;0;0;0;2;12.52993;41.82617;-1;1;Autovettura privata;In marcia / fermata / arresto;Passeggero;M;Illeso;0;;Non accertato;Inesploso;
2533682;11;11/10/2015 16:40;Strada Urbana;VIA DI TOR CARBONE;da specificare;;;;100 mt prima di v. Casale Marini, dir. Ardeatina;Veicolo in marcia contro ostacolo accidentale;Rettilineo;Una carreggiata a doppio senso;Asciutto;Con buche;Orizzontale;Sereno;Normale;Buona;Ore Diurne;0;0;0;2;12.53026;41.82625;-1;1;Autovettura privata;In marcia / fermata / arresto;Conducente;F;Illeso;0;;Non accertato;Inesploso;
2533682;11;11/10/2015 16:40;Strada Urbana;VIA DI TOR CARBONE;da specificare;;;;100 mt prima di v. Casale Marini, dir. Ardeatina;Veicolo in marcia contro ostacolo accidentale;Rettilineo;Una carreggiata a doppio senso;Asciutto;Con buche;Orizzontale;Sereno;Normale;Buona;Ore Diurne;0;0;0;2;12.53026;41.82625;-1;1;Autovettura privata;In marcia / fermata / arresto;Passeggero;F;Illeso;0;;Non accertato;Inesploso;
2533685;11;10/10/2015 17:50;Strada Urbana;VIA CRISTOFORO COLOMBO;in prossimità;;del civico n.;349;;Scontro laterale fra veicoli in marcia;Rettilineo;Più di due carreggiate;Bagnato (pioggia);Asfaltata;Verticale ed orizzontale;Pioggia in atto;Intenso;Sufficiente;Ore Diurne;0;0;0;6;12.49155;41.8552;-1;1;Autobus turistico;In marcia / fermata / arresto;Conducente;M;Illeso;0;;Non utilizzato;;
2533685;11;10/10/2015 17:50;Strada Urbana;VIA CRISTOFORO COLOMBO;in prossimità;;del civico n.;349;;Scontro laterale fra veicoli in marcia;Rettilineo;Più di due carreggiate;Bagnato (pioggia);Asfaltata;Verticale ed orizzontale;Pioggia in atto;Intenso;Sufficiente;Ore Diurne;0;0;0;6;12.49155;41.8552;-1;2;Autovettura privata;In marcia / fermata / arresto;Conducente;F;Illeso;0;;Non accertato;Inesploso;
2533685;11;10/10/2015 17:50;Strada Urbana;VIA CRISTOFORO COLOMBO;in prossimità;;del civico n.;349;;Scontro laterale fra veicoli in marcia;Rettilineo;Più di due carreggiate;Bagnato (pioggia);Asfaltata;Verticale ed orizzontale;Pioggia in atto;Intenso;Sufficiente;Ore Diurne;0;0;0;6;12.49155;41.8552;-1;2;Autovettura privata;In marcia / fermata / arresto;Passeggero;M;Illeso;0;;;;
2533685;11;10/10/2015 17:50;Strada Urbana;VIA CRISTOFORO COLOMBO;in prossimità;;del civico n.;349;;Scontro laterale fra veicoli in marcia;Rettilineo;Più di due carreggiate;Bagnato (pioggia);Asfaltata;Verticale ed orizzontale;Pioggia in atto;Intenso;Sufficiente;Ore Diurne;0;0;0;6;12.49155;41.8552;-1;3;Autovettura privata;In marcia / fermata / arresto;Conducente;M;Illeso;0;;Non accertato;Inesploso;
2533685;11;10/10/2015 17:50;Strada Urbana;VIA CRISTOFORO COLOMBO;in prossimità;;del civico n.;349;;Scontro laterale fra veicoli in marcia;Rettilineo;Più di due carreggiate;Bagnato (pioggia);Asfaltata;Verticale ed orizzontale;Pioggia in atto;Intenso;Sufficiente;Ore Diurne;0;0;0;6;12.49155;41.8552;-1;3;Autovettura privata;In marcia / fermata / arresto;Passeggero;F;Illeso;0;;;;
2533685;11;10/10/2015 17:50;Strada Urbana;VIA CRISTOFORO COLOMBO;in prossimità;;del civico n.;349;;Scontro laterale fra veicoli in marcia;Rettilineo;Più di due carreggiate;Bagnato (pioggia);Asfaltata;Verticale ed orizzontale;Pioggia in atto;Intenso;Sufficiente;Ore Diurne;0;0;0;6;12.49155;41.8552;-1;3;Autovettura privata;In marcia / fermata / arresto;Passeggero;M;Illeso;0;;;;
2533686;15;11/10/2015 20:30;Strada Urbana;VIA DELLA CASETTA MATTEI;in prossimità;;del civico n.;155;;Veicolo in marcia contro ostacolo accidentale;Rettilineo;Una carreggiata a doppio senso;Asciutto;Asfaltata;Orizzontale;Sereno;Normale;Buona;Sufficiente;0;0;0;1;12.42011;41.85579;-1;1;Autovettura privata;In marcia / fermata / arresto;Conducente;F;Illeso;0;;;;
2533691;11;10/10/2015 20:45;Strada Urbana;VIA DEL FOSSO DEL TORRINO;in prossimità;;del civico n.;31;;Veicolo in marcia contro ostacolo fisso;Curva senza visuale libera;Una carreggiata a doppio senso;Bagnato (pioggia);Asfaltata;Verticale ed orizzontale;Pioggia in atto;Normale;Sufficiente;Sufficiente;0;0;0;1;12.43423;41.81572;-1;1;Autovettura privata;In marcia / fermata / arresto;Conducente;M;Illeso;0;;;;
2533692;5;09/10/2015 11:00;Strada Urbana;VIA DI PORTONACCIO;in prossimità;;del civico n.;158;;Tamponamento;Rettilineo;Due carreggiate;Asciutto;Asfaltata;Verticale ed orizzontale;Sereno;Normale;Buona;Ore Diurne;0;0;0;3;12.53831;41.89849;-1;1;Autovettura privata;In marcia / fermata / arresto;Conducente;M;Illeso;0;;Non accertato;Inesploso;
2533692;5;09/10/2015 11:00;Strada Urbana;VIA DI PORTONACCIO;in prossimità;;del civico n.;158;;Tamponamento;Rettilineo;Due carreggiate;Asciutto;Asfaltata;Verticale ed orizzontale;Sereno;Normale;Buona;Ore Diurne;0;0;0;3;12.53831;41.89849;-1;1;Autovettura privata;In marcia / fermata / arresto;Passeggero;F;Illeso;0;;Non accertato;Inesploso;
2533692;5;09/10/2015 11:00;Strada Urbana;VIA DI PORTONACCIO;in prossimità;;del civico n.;158;;Tamponamento;Rettilineo;Due carreggiate;Asciutto;Asfaltata;Verticale ed orizzontale;Sereno;Normale;Buona;Ore Diurne;0;0;0;3;12.53831;41.89849;-1;2;Autovettura privata;In marcia / fermata / arresto;Conducente;M;Illeso;0;;Non accertato;Inesploso;
2533703;5;09/10/2015 17:40;Strada Urbana;VIA ASINARI DI S. MARZANO;all'intersezione con;VIA GIUSEPPE PIANELL;VIA GIUSEPPE PIANELL;;;Scontro frontale/laterale SX fra veicoli in marcia;Incrocio;Una carreggiata a doppio senso;Asciutto;Asfaltata;Verticale;Nuvoloso;Normale;Buona;Ore Diurne;0;0;0;6;12.53723;41.89788;-1;1;Autovettura privata;In marcia / fermata / arresto;Conducente;F;Illeso;0;;Non accertato;;
2533703;5;09/10/2015 17:40;Strada Urbana;VIA ASINARI DI S. MARZANO;all'intersezione con;VIA GIUSEPPE PIANELL;VIA GIUSEPPE PIANELL;;;Scontro frontale/laterale SX fra veicoli in marcia;Incrocio;Una carreggiata a doppio senso;Asciutto;Asfaltata;Verticale;Nuvoloso;Normale;Buona;Ore Diurne;0;0;0;6;12.53723;41.89788;-1;1;Autovettura privata;In marcia / fermata / arresto;Passeggero;F;Illeso;0;;Non accertato;;
2533703;5;09/10/2015 17:40;Strada Urbana;VIA ASINARI DI S. MARZANO;all'intersezione con;VIA GIUSEPPE PIANELL;VIA GIUSEPPE PIANELL;;;Scontro frontale/laterale SX fra veicoli in marcia;Incrocio;Una carreggiata a doppio senso;Asciutto;Asfaltata;Verticale;Nuvoloso;Normale;Buona;Ore Diurne;0;0;0;6;12.53723;41.89788;-1;2;Autovettura privata;In marcia / fermata / arresto;Conducente;M;Illeso;0;;Non accertato;;
2533703;5;09/10/2015 17:40;Strada Urbana;VIA ASINARI DI S. MARZANO;all'intersezione con;VIA GIUSEPPE PIANELL;VIA GIUSEPPE PIANELL;;;Scontro frontale/laterale SX fra veicoli in marcia;Incrocio;Una carreggiata a doppio senso;Asciutto;Asfaltata;Verticale;Nuvoloso;Normale;Buona;Ore Diurne;0;0;0;6;12.53723;41.89788;-1;2;Autovettura privata;In marcia / fermata / arresto;Passeggero;M;Illeso;0;;Non accertato;;
2533703;5;09/10/2015 17:40;Strada Urbana;VIA ASINARI DI S. MARZANO;all'intersezione con;VIA GIUSEPPE PIANELL;VIA GIUSEPPE PIANELL;;;Scontro frontale/laterale SX fra veicoli in marcia;Incrocio;Una carreggiata a doppio senso;Asciutto;Asfaltata;Verticale;Nuvoloso;Normale;Buona;Ore Diurne;0;0;0;6;12.53723;41.89788;-1;2;Autovettura privata;In marcia / fermata / arresto;Passeggero;F;Illeso;0;;Non accertato;;
2533705;12;11/10/2015 11:45;Strada Urbana;VIA CRISTOFORO COLOMBO;da specificare;;;;altezza uscita via Carlo Levi;Veicolo in marcia contro ostacolo accidentale;Rettilineo;Due carreggiate;Asciutto;Asfaltata;Verticale ed orizzontale;Sereno;Normale;Buona;Ore Diurne;0;0;0;2;12.4607;41.81392;-1;1;Autovettura privata;In marcia / fermata / arresto;Conducente;M;Illeso;0;;Non accertato;Inesploso;
2533705;12;11/10/2015 11:45;Strada Urbana;VIA CRISTOFORO COLOMBO;da specificare;;;;altezza uscita via Carlo Levi;Veicolo in marcia contro ostacolo accidentale;Rettilineo;Due carreggiate;Asciutto;Asfaltata;Verticale ed orizzontale;Sereno;Normale;Buona;Ore Diurne;0;0;0;2;12.4607;41.81392;-1;1;Autovettura privata;In marcia / fermata / arresto;Passeggero;M;Illeso;0;;Non accertato;Inesploso;
2533710;11;11/10/2015 17:30;Strada Urbana;VIA DI TOR CARBONE;da specificare;;;;100 mt prima via Casale Marini dir. via Ardeatina;Veicolo in marcia contro ostacolo accidentale;Rettilineo;Una carreggiata a doppio senso;Asciutto;Con buche;Orizzontale;Sereno;Normale;Buona;Ore Diurne;0;0;0;2;12.53352;41.82756;-1;1;Autovettura privata;In marcia / fermata / arresto;Conducente;F;Illeso;0;;;;
2533710;11;11/10/2015 17:30;Strada Urbana;VIA DI TOR CARBONE;da specificare;;;;100 mt prima via Casale Marini dir. via Ardeatina;Veicolo in marcia contro ostacolo accidentale;Rettilineo;Una carreggiata a doppio senso;Asciutto;Con buche;Orizzontale;Sereno;Normale;Buona;Ore Diurne;0;0;0;2;12.53352;41.82756;-1;1;Autovettura privata;In marcia / fermata / arresto;Passeggero;F;Illeso;0;;;;
2533712;5;10/10/2015 08:10;Strada Urbana;tangenziale / est dir. salaria;da specificare;;;;N.C.I. tratto scoperto prox. Portonaccio;Veicolo in marcia contro ostacolo fisso;Curva a visuale libera;Due carreggiate;Bagnato (pioggia);Asfaltata;Verticale ed orizzontale;Pioggia in atto;Normale;Buona;Ore Diurne;1;0;0;1;12.53411;41.90666;-1;1;Autovettura privata;In marcia / fermata / arresto;Conducente;F;Illeso;0;;Non accertato;Esploso;
2533712;5;10/10/2015 08:10;Strada Urbana;tangenziale / est dir. salaria;da specificare;;;;N.C.I. tratto scoperto prox. Portonaccio;Veicolo in marcia contro ostacolo fisso;Curva a visuale libera;Due carreggiate;Bagnato (pioggia);Asfaltata;Verticale ed orizzontale;Pioggia in atto;Normale;Buona;Ore Diurne;1;0;0;1;12.53411;41.90666;-1;1;Autovettura privata;In marcia / fermata / arresto;Passeggero;F;Rimandato;0;NON DECEDUTO;Non accertato;Esploso;
2533714;15;11/10/2015 20:40;Strada Urbana;VIA DELLA MAGLIANA;da specificare;;;;DIR. TRULLO PROSSIMITA' RAMPA VIADOTTO DIR. EUR;Scontro laterale fra veicoli in marcia;Rettilineo;Una carreggiata a senso unico di marcia;Asciutto;Asfaltata;Orizzontale;Sereno;Scarso;Insufficiente;Insufficiente;0;0;0;4;12.42401;41.83394;-1;1;Autovettura di polizia;In marcia / fermata / arresto;Conducente;M;Illeso;0;;Utilizzato;Inesploso;
2533714;15;11/10/2015 20:40;Strada Urbana;VIA DELLA MAGLIANA;da specificare;;;;DIR. TRULLO PROSSIMITA' RAMPA VIADOTTO DIR. EUR;Scontro laterale fra veicoli in marcia;Rettilineo;Una carreggiata a senso unico di marcia;Asciutto;Asfaltata;Orizzontale;Sereno;Scarso;Insufficiente;Insufficiente;0;0;0;4;12.42401;41.83394;-1;1;Autovettura di polizia;In marcia / fermata / arresto;Passeggero;F;Illeso;0;;Utilizzato;Inesploso;
2533714;15;11/10/2015 20:40;Strada Urbana;VIA DELLA MAGLIANA;da specificare;;;;DIR. TRULLO PROSSIMITA' RAMPA VIADOTTO DIR. EUR;Scontro laterale fra veicoli in marcia;Rettilineo;Una carreggiata a senso unico di marcia;Asciutto;Asfaltata;Orizzontale;Sereno;Scarso;Insufficiente;Insufficiente;0;0;0;4;12.42401;41.83394;-1;2;Autovettura privata;In marcia / fermata / arresto;Conducente;M;Illeso;0;;Utilizzato;Inesploso;
2533714;15;11/10/2015 20:40;Strada Urbana;VIA DELLA MAGLIANA;da specificare;;;;DIR. TRULLO PROSSIMITA' RAMPA VIADOTTO DIR. EUR;Scontro laterale fra veicoli in marcia;Rettilineo;Una carreggiata a senso unico di marcia;Asciutto;Asfaltata;Orizzontale;Sereno;Scarso;Insufficiente;Insufficiente;0;0;0;4;12.42401;41.83394;-1;2;Autovettura privata;In marcia / fermata / arresto;Passeggero;F;Illeso;0;;Utilizzato;Inesploso;
2533717;11;10/10/2015 20:30;Strada Urbana;VIA DEL FOSSO DEL TORRINO;da specificare;;;;alt. civ.31;Veicolo in marcia contro ostacolo accidentale;Curva senza visuale libera;Una carreggiata a doppio senso;Bagnato (pioggia);Asfaltata;Verticale ed orizzontale;Pioggia in atto;Normale;Sufficiente;Sufficiente;0;0;0;1;12.43418;41.81573;-1;1;Autovettura privata;In marcia / fermata / arresto;Conducente;M;Illeso;0;;Non accertato;Inesploso;
2533718;5;10/10/2015 13:00;Strada Urbana;VIA TURRIVALIGNANI;all'intersezione con;VIA CORROPOLI;VIA CORROPOLI;;;Scontro frontale/laterale SX fra veicoli in marcia;Incrocio;Una carreggiata a doppio senso;Bagnato (pioggia);Asfaltata;Verticale ed orizzontale;Pioggia in atto;Scarso;Sufficiente;Ore Diurne;0;0;0;4;12.65037;41.93229;-1;1;Autovettura privata;In marcia / fermata / arresto;Conducente;M;Illeso;0;;Non accertato;;
2533718;5;10/10/2015 13:00;Strada Urbana;VIA TURRIVALIGNANI;all'intersezione con;VIA CORROPOLI;VIA CORROPOLI;;;Scontro frontale/laterale SX fra veicoli in marcia;Incrocio;Una carreggiata a doppio senso;Bagnato (pioggia);Asfaltata;Verticale ed orizzontale;Pioggia in atto;Scarso;Sufficiente;Ore Diurne;0;0;0;4;12.65037;41.93229;-1;2;Autovettura privata;In marcia / fermata / arresto;Conducente;M;Illeso;0;;Non accertato;;
2533718;5;10/10/2015 13:00;Strada Urbana;VIA TURRIVALIGNANI;all'intersezione con;VIA CORROPOLI;VIA CORROPOLI;;;Scontro frontale/laterale SX fra veicoli in marcia;Incrocio;Una carreggiata a doppio senso;Bagnato (pioggia);Asfaltata;Verticale ed orizzontale;Pioggia in atto;Scarso;Sufficiente;Ore Diurne;0;0;0;4;12.65037;41.93229;-1;3;Autovettura privata;In marcia / fermata / arresto;Conducente;M;Illeso;0;;Non accertato;;
2533718;5;10/10/2015 13:00;Strada Urbana;VIA TURRIVALIGNANI;all'intersezione con;VIA CORROPOLI;VIA CORROPOLI;;;Scontro frontale/laterale SX fra veicoli in marcia;Incrocio;Una carreggiata a doppio senso;Bagnato (pioggia);Asfaltata;Verticale ed orizzontale;Pioggia in atto;Scarso;Sufficiente;Ore Diurne;0;0;0;4;12.65037;41.93229;-1;3;Autovettura privata;In marcia / fermata / arresto;Passeggero;M;Illeso;0;;Non accertato;;