Protocollo;Gruppo;DataOraIncidente;Localizzazione1;STRADA1;Localizzazione2;STRADA2;Strada02;Chilometrica;DaSpecificare;NaturaIncidente;particolaritastrade;TipoStrada;FondoStradale;Pavimentazione;Segnaletica;CondizioneAtmosferica;Traffico;Visibilita;Illuminazione;NUM_FERITI;NUM_RISERVATA;NUM_MORTI;NUM_ILLESI;Longitudine;Latitudine;Confermato;Progressivo;TipoVeicolo;StatoVeicolo;TipoPersona;Sesso;Tipolesione;Deceduto;DecedutoDopo;CinturaCascoUtilizzato;Airbag;
2533722;5;10/10/2015 13:15;Strada Urbana;VIA GIOVANNI PITTALUGA;all'intersezione con;VIA DI PORTONACCIO;VIA DI PORTONACCIO;;;Scontro frontale/laterale DX fra veicoli in marcia;Incrocio;Due carreggiate;Bagnato (pioggia);Asfaltata;Verticale ed orizzontale;Pioggia in atto;Normale;Buona;Ore Diurne;0;0;0;3;12.53742;41.89944;-1;1;Autovettura privata;In marcia / fermata / arresto;Conducente;M;Illeso;0;;Non accertato;Inesploso;
2533722;5;10/10/2015 13:15;Strada Urbana;VIA GIOVANNI PITTALUGA;all'intersezione con;VIA DI PORTONACCIO;VIA DI PORTONACCIO;;;Scontro frontale/laterale DX fra veicoli in marcia;Incrocio;Due carreggiate;Bagnato (pioggia);Asfaltata;Verticale ed orizzontale;Pioggia in atto;Normale;Buona;Ore Diurne;0;0;0;3;12.53742;41.89944;-1;1;Autovettura privata;In marcia / fermata / arresto;Passeggero;F;Illeso;0;;Non accertato;Inesploso;
2533722;5;10/10/2015 13:15;Strada Urbana;VIA GIOVANNI PITTALUGA;all'intersezione con;VIA DI PORTONACCIO;VIA DI PORTONACCIO;;;Scontro frontale/laterale DX fra veicoli in marcia;Incrocio;Due carreggiate;Bagnato (pioggia);Asfaltata;Verticale ed orizzontale;Pioggia in atto;Normale;Buona;Ore Diurne;0;0;0;3;12.53742;41.89944;-1;2;Autovettura privata;In marcia / fermata / arresto;Conducente;M;Illeso;0;;Non accertato;Inesploso;
2533726;5;10/10/2015 18:40;Strada Urbana;VIA RINALDO D'AQUINO;da specificare;;;;PROX. palo ACEA 15 dir. GRA;Ribaltamento senza urto contro ostacolo fisso;Curva a visuale libera;Due carreggiate;Bagnato (pioggia);Asfaltata;Verticale;Pioggia in atto;Normale;Insufficiente;Insufficiente;1;0;0;0;12.61085;41.96467;-1;1;Autovettura privata;In marcia / fermata / arresto;Conducente;F;Rimandato;0;NON DECEDUTO;Non accertato;;
2533728;11;11/10/2015 17:32;Strada Urbana;VIA DI TOR CARBONE;da specificare;;;;100 mt. prima via Casale Marini dir. via Ardeatina;Veicolo in marcia contro ostacolo accidentale;Rettilineo;Una carreggiata a doppio senso;Asciutto;Con buche;Orizzontale;Sereno;Normale;Buona;Ore Diurne;0;0;0;4;12.52959;41.82596;-1;1;Autovettura privata;In marcia / fermata / arresto;Conducente;M;Illeso;0;;;;
2533728;11;11/10/2015 17:32;Strada Urbana;VIA DI TOR CARBONE;da specificare;;;;100 mt. prima via Casale Marini dir. via Ardeatina;Veicolo in marcia contro ostacolo accidentale;Rettilineo;Una carreggiata a doppio senso;Asciutto;Con buche;Orizzontale;Sereno;Normale;Buona;Ore Diurne;0;0;0;4;12.52959;41.82596;-1;1;Autovettura privata;In marcia / fermata / arresto;Passeggero;M;Illeso;0;;;;
2533728;11;11/10/2015 17:32;Strada Urbana;VIA DI TOR CARBONE;da specificare;;;;100 mt. prima via Casale Marini dir. via Ardeatina;Veicolo in marcia contro ostacolo accidentale;Rettilineo;Una carreggiata a doppio senso;Asciutto;Con buche;Orizzontale;Sereno;Normale;Buona;Ore Diurne;0;0;0;4;12.52959;41.82596;-1;1;Autovettura privata;In marcia / fermata / arresto;Passeggero;F;Illeso;0;;;;
2533728;11;11/10/2015 17:32;Strada Urbana;VIA DI TOR CARBONE;da specificare;;;;100 mt. prima via Casale Marini dir. via Ardeatina;Veicolo in marcia contro ostacolo accidentale;Rettilineo;Una carreggiata a doppio senso;Asciutto;Con buche;Orizzontale;Sereno;Normale;Buona;Ore Diurne;0;0;0;4;12.52959;41.82596;-1;1;Autovettura privata;In marcia / fermata / arresto;Passeggero;F;Illeso;0;;;;
2533733;10;10/10/2015 19:48;Strada Urbana;VIA TUSCOLANA;in corrispondenza;;del palo luce n.;778;;Veicolo in marcia contro ostacolo accidentale;Rettilineo;Due carreggiate;Bagnato (pioggia);Asfaltata;Verticale ed orizzontale;Pioggia in atto;Intenso;Buona;Sufficiente;0;0;0;1;12.57887;41.84638;-1;1;Autovettura privata;In marcia / fermata / arresto;Conducente;M;Illeso;0;;Non accertato;Inesploso;
2533739;11;10/10/2015 20:45;Strada Urbana;VIA DEL FOSSO DEL TORRINO;da specificare;;;;prossimità civ.31;Veicolo in marcia contro ostacolo accidentale;Curva senza visuale libera;Una carreggiata a doppio senso;Bagnato (pioggia);Con buche;Verticale ed orizzontale;Pioggia in atto;Normale;Sufficiente;Sufficiente;0;0;0;2;12.43418;41.81573;-1;1;Autovettura privata;In marcia / fermata / arresto;Conducente;F;Illeso;0;;;;
2533739;11;10/10/2015 20:45;Strada Urbana;VIA DEL FOSSO DEL TORRINO;da specificare;;;;prossimità civ.31;Veicolo in marcia contro ostacolo accidentale;Curva senza visuale libera;Una carreggiata a doppio senso;Bagnato (pioggia);Con buche;Verticale ed orizzontale;Pioggia in atto;Normale;Sufficiente;Sufficiente;0;0;0;2;12.43418;41.81573;-1;1;Autovettura privata;In marcia / fermata / arresto;Passeggero;M;Illeso;0;;;;
2533742;5;10/10/2015 23:30;Strada Urbana;Tangenziale Est direzione S. Giovanni;da specificare;;;;a mt. 100 dall'uscita Monti Tiburtini;Veicolo in marcia contro ostacolo fisso;Rettilineo;Una carreggiata a senso unico di marcia;Asciutto;Asfaltata;Orizzontale;Sereno;Scarso;Buona;Sufficiente;1;1;0;0;12.52806;41.91945;-1;1;Autovettura privata;In marcia / fermata / arresto;Conducente;M;Prognosi riservata;0;NON DECEDUTO;Non accertato;;
2533742;5;10/10/2015 23:30;Strada Urbana;Tangenziale Est direzione S. Giovanni;da specificare;;;;a mt. 100 dall'uscita Monti Tiburtini;Veicolo in marcia contro ostacolo fisso;Rettilineo;Una carreggiata a senso unico di marcia;Asciutto;Asfaltata;Orizzontale;Sereno;Scarso;Buona;Sufficiente;1;1;0;0;12.52806;41.91945;-1;1;Autovettura privata;In marcia / fermata / arresto;Passeggero;M;Rimandato;0;NON DECEDUTO;Non accertato;;
2533745;5;11/10/2015 11:30;Strada Urbana;VIA DI CASAL BIANCO;all'intersezione con;VIA DI MARCO SIMONE;VIA DI MARCO SIMONE;;;Scontro laterale fra veicoli in marcia;Rotatoria;Una carreggiata a doppio senso;Asciutto;Asfaltata;Verticale ed orizzontale;Sereno;Scarso;Buona;Ore Diurne;0;0;0;3;12.64537;41.94681;-1;1;Autovettura privata;In marcia / fermata / arresto;Conducente;M;Illeso;0;;Non accertato;Inesploso;
2533745;5;11/10/2015 11:30;Strada Urbana;VIA DI CASAL BIANCO;all'intersezione con;VIA DI MARCO SIMONE;VIA DI MARCO SIMONE;;;Scontro laterale fra veicoli in marcia;Rotatoria;Una carreggiata a doppio senso;Asciutto;Asfaltata;Verticale ed orizzontale;Sereno;Scarso;Buona;Ore Diurne;0;0;0;3;12.64537;41.94681;-1;2;Autovettura privata;In marcia / fermata / arresto;Conducente;M;Illeso;0;;Non accertato;Inesploso;
2533745;5;11/10/2015 11:30;Strada Urbana;VIA DI CASAL BIANCO;all'intersezione con;VIA DI MARCO SIMONE;VIA DI MARCO SIMONE;;;Scontro laterale fra veicoli in marcia;Rotatoria;Una carreggiata a doppio senso;Asciutto;Asfaltata;Verticale ed orizzontale;Sereno;Scarso;Buona;Ore Diurne;0;0;0;3;12.64537;41.94681;-1;2;Autovettura privata;In marcia / fermata / arresto;Passeggero;F;Illeso;0;;Non accertato;Inesploso;
2533749;10;10/10/2015 20:40;Strada Urbana;VIA TUSCOLANA;in corrispondenza;;del palo luce n.;781;;Veicolo in marcia contro ostacolo fisso;Rettilineo;Due carreggiate;Bagnato (pioggia);Asfaltata;Orizzontale;Pioggia in atto;Normale;Buona;Insufficiente;0;0;0;1;12.57888;41.84641;-1;1;Autovettura privata;In marcia / fermata / arresto;Conducente;M;Illeso;0;;Non accertato;Inesploso;
2533755;13;11/10/2015 12:15;Strada Urbana;VIA GINO BONICHI;all'intersezione con;VIA CORRADO GIAQUINTO;VIA CORRADO GIAQUINTO;;;Scontro frontale/laterale SX fra veicoli in marcia;Incrocio;Una carreggiata a doppio senso;Asciutto;Asfaltata;Verticale ed orizzontale;Sereno;Normale;Buona;Ore Diurne;0;0;0;3;12.35757;41.77855;-1;1;Autovettura privata;In marcia / fermata / arresto;Conducente;M;Illeso;0;;Non accertato;Inesploso;
2533755;13;11/10/2015 12:15;Strada Urbana;VIA GINO BONICHI;all'intersezione con;VIA CORRADO GIAQUINTO;VIA CORRADO GIAQUINTO;;;Scontro frontale/laterale SX fra veicoli in marcia;Incrocio;Una carreggiata a doppio senso;Asciutto;Asfaltata;Verticale ed orizzontale;Sereno;Normale;Buona;Ore Diurne;0;0;0;3;12.35757;41.77855;-1;1;Autovettura privata;In marcia / fermata / arresto;Passeggero;F;Illeso;0;;Non accertato;Inesploso;
2533755;13;11/10/2015 12:15;Strada Urbana;VIA GINO BONICHI;all'intersezione con;VIA CORRADO GIAQUINTO;VIA CORRADO GIAQUINTO;;;Scontro frontale/laterale SX fra veicoli in marcia;Incrocio;Una carreggiata a doppio senso;Asciutto;Asfaltata;Verticale ed orizzontale;Sereno;Normale;Buona;Ore Diurne;0;0;0;3;12.35757;41.77855;-1;2;Autovettura privata;In marcia / fermata / arresto;Conducente;M;Illeso;0;;Non accertato;Inesploso;
2533757;10;10/10/2015 15:20;Strada Urbana;VIA RAIMONDO SCINTU;in prossimità;;del civico n.;48;;Veicolo in marcia contro veicoli in sosta;Rettilineo;Una carreggiata a senso unico di marcia;Bagnato (pioggia);Asfaltata;Orizzontale;Pioggia in atto;Normale;Buona;Ore Diurne;1;0;0;0;12.58119;41.85332;-1;1;Autovettura privata;In marcia / fermata / arresto;Conducente;M;Rimandato;0;NON DECEDUTO;Non accertato;Esploso;
2533760;10;11/10/2015 01:15;Strada Urbana;VIA DELLE CAVE;da specificare;;;;fronte civico 2;Scontro frontale/laterale SX fra veicoli in marcia;Rettilineo;Due carreggiate;Bagnato (pioggia);Asfaltata;Verticale ed orizzontale;Pioggia in atto;Scarso;Buona;Sufficiente;0;0;0;4;12.52747;41.87145;-1;1;Autovettura privata;In marcia / fermata / arresto;Conducente;M;Illeso;0;;Non accertato;Inesploso;
2533760;10;11/10/2015 01:15;Strada Urbana;VIA DELLE CAVE;da specificare;;;;fronte civico 2;Scontro frontale/laterale SX fra veicoli in marcia;Rettilineo;Due carreggiate;Bagnato (pioggia);Asfaltata;Verticale ed orizzontale;Pioggia in atto;Scarso;Buona;Sufficiente;0;0;0;4;12.52747;41.87145;-1;2;Autovettura privata;In marcia / fermata / arresto;Conducente;M;Illeso;0;;Non accertato;Inesploso;
2533760;10;11/10/2015 01:15;Strada Urbana;VIA DELLE CAVE;da specificare;;;;fronte civico 2;Scontro frontale/laterale SX fra veicoli in marcia;Rettilineo;Due carreggiate;Bagnato (pioggia);Asfaltata;Verticale ed orizzontale;Pioggia in atto;Scarso;Buona;Sufficiente;0;0;0;4;12.52747;41.87145;-1;2;Autovettura privata;In marcia / fermata / arresto;Passeggero;M;Illeso;0;;Non accertato;Inesploso;
2533760;10;11/10/2015 01:15;Strada Urbana;VIA DELLE CAVE;da specificare;;;;fronte civico 2;Scontro frontale/laterale SX fra veicoli in marcia;Rettilineo;Due carreggiate;Bagnato (pioggia);Asfaltata;Verticale ed orizzontale;Pioggia in atto;Scarso;Buona;Sufficiente;0;0;0;4;12.52747;41.87145;-1;2;Autovettura privata;In marcia / fermata / arresto;Passeggero;F;Illeso;0;;Non accertato;Inesploso;
2533765;20;10/10/2015 18:55;Strada Urbana;VIA DI GROTTAROSSA;da specificare;;;;prossimità Via della Crescenza;Scontro laterale fra veicoli in marcia;Curva senza visuale libera;Una carreggiata a doppio senso;Bagnato (pioggia);Asfaltata;Verticale;Pioggia in atto;Scarso;Insufficiente;Inesistente;1;0;0;1;12.45994;41.97305;-1;1;Autovettura privata;In marcia / fermata / arresto;Conducente;M;Illeso;0;;Non accertato;Inesploso;
2533765;20;10/10/2015 18:55;Strada Urbana;VIA DI GROTTAROSSA;da specificare;;;;prossimità Via della Crescenza;Scontro laterale fra veicoli in marcia;Curva senza visuale libera;Una carreggiata a doppio senso;Bagnato (pioggia);Asfaltata;Verticale;Pioggia in atto;Scarso;Insufficiente;Inesistente;1;0;0;1;12.45994;41.97305;-1;2;Autovettura privata;In marcia / fermata / arresto;Conducente;F;Rimandato;0;NON DECEDUTO;Non accertato;Inesploso;
2533767;11;10/10/2015 20:40;Strada Urbana;VIA DEL FOSSO DEL TORRINO;in prossimità;;del civico n.;31;;Fuoriuscita dalla sede stradale;Curva a visuale libera;Una carreggiata a doppio senso;Bagnato (pioggia);Asfaltata;Verticale ed orizzontale;Pioggia in atto;Scarso;Buona;Sufficiente;0;0;0;2;12.43423;41.81571;-1;1;Autovettura privata;In marcia / fermata / arresto;Conducente;F;Illeso;0;;Non accertato;;
2533767;11;10/10/2015 20:40;Strada Urbana;VIA DEL FOSSO DEL TORRINO;in prossimità;;del civico n.;31;;Fuoriuscita dalla sede stradale;Curva a visuale libera;Una carreggiata a doppio senso;Bagnato (pioggia);Asfaltata;Verticale ed orizzontale;Pioggia in atto;Scarso;Buona;Sufficiente;0;0;0;2;12.43423;41.81571;-1;1;Autovettura privata;In marcia / fermata / arresto;Passeggero;M;Illeso;0;;Non accertato;;
2533772;11;10/10/2015 20:30;Strada Urbana;VIA DEL FOSSO DEL TORRINO;in prossimità;;del civico n.;31;;Veicolo in marcia contro ostacolo accidentale;Curva senza visuale libera;Una carreggiata a doppio senso;Bagnato (pioggia);Asfaltata;Verticale ed orizzontale;Pioggia in atto;Scarso;Buona;Sufficiente;0;0;0;1;12.43397;41.81589;-1;1;Autovettura privata;In marcia / fermata / arresto;Conducente;M;Illeso;0;;Non accertato;Inesploso;
2533773;11;10/10/2015 23:00;Strada Urbana;VIA CRISTOFORO COLOMBO;da specificare;;;;in prossimità di PIAZZA DEI NAVIGATORI;Veicolo in marcia contro ostacolo fisso;Rettilineo;Più di due carreggiate;Bagnato (pioggia);Asfaltata;Verticale ed orizzontale;Pioggia in atto;Scarso;Buona;Sufficiente;0;0;0;4;12.49824;41.85992;-1;1;Autovettura privata;In marcia / fermata / arresto;Conducente;M;Illeso;0;;;;
2533773;11;10/10/2015 23:00;Strada Urbana;VIA CRISTOFORO COLOMBO;da specificare;;;;in prossimità di PIAZZA DEI NAVIGATORI;Veicolo in marcia contro ostacolo fisso;Rettilineo;Più di due carreggiate;Bagnato (pioggia);Asfaltata;Verticale ed orizzontale;Pioggia in atto;Scarso;Buona;Sufficiente;0;0;0;4;12.49824;41.85992;-1;1;Autovettura privata;In marcia / fermata / arresto;Passeggero;M;Illeso;0;;;;
2533778;10;10/10/2015 11:40;Strada Urbana;VIA SCRIBONIO CURIONE;da specificare;;;;fronte civico 27;Investimento di pedone;Rettilineo;Due carreggiate;Bagnato (pioggia);Asfaltata;Verticale ed orizzontale;Pioggia in atto;Normale;Buona;Ore Diurne;1;0;0;2;12.55316;41.86286;-1;;;;Pedone;F;Rimandato;0;NON DECEDUTO;;;
2533778;10;10/10/2015 11:40;Strada Urbana;VIA SCRIBONIO CURIONE;da specificare;;;;fronte civico 27;Investimento di pedone;Rettilineo;Due carreggiate;Bagnato (pioggia);Asfaltata;Verticale ed orizzontale;Pioggia in atto;Normale;Buona;Ore Diurne;1;0;0;2;12.55316;41.86286;-1;1;Autovettura privata;In marcia / fermata / arresto;Passeggero;F;Illeso;0;;Non accertato;Inesploso;
2533778;10;10/10/2015 11:40;Strada Urbana;VIA SCRIBONIO CURIONE;da specificare;;;;fronte civico 27;Investimento di pedone;Rettilineo;Due carreggiate;Bagnato (pioggia);Asfaltata;Verticale ed orizzontale;Pioggia in atto;Normale;Buona;Ore Diurne;1;0;0;2;12.55316;41.86286;-1;1;Autovettura privata;In marcia / fermata / arresto;Conducente;M;Illeso;0;;Non accertato;Inesploso;
2533784;20;10/10/2015 09:25;Strada Urbana;VIALE DI TOR DI QUINTO;in prossimità;;del civico n.;155;;Scontro frontale/laterale SX fra veicoli in marcia;Rettilineo;Due carreggiate;Bagnato (pioggia);Asfaltata;Orizzontale;Nuvoloso;Normale;Buona;Ore Diurne;0;0;0;5;12.48457;41.94935;-1;1;Autovettura privata;In marcia / fermata / arresto;Passeggero;M;Illeso;0;;;;
2533784;20;10/10/2015 09:25;Strada Urbana;VIALE DI TOR DI QUINTO;in prossimità;;del civico n.;155;;Scontro frontale/laterale SX fra veicoli in marcia;Rettilineo;Due carreggiate;Bagnato (pioggia);Asfaltata;Orizzontale;Nuvoloso;Normale;Buona;Ore Diurne;0;0;0;5;12.48457;41.94935;-1;1;Autovettura privata;In marcia / fermata / arresto;Conducente;M;Illeso;0;;;;
2533784;20;10/10/2015 09:25;Strada Urbana;VIALE DI TOR DI QUINTO;in prossimità;;del civico n.;155;;Scontro frontale/laterale SX fra veicoli in marcia;Rettilineo;Due carreggiate;Bagnato (pioggia);Asfaltata;Orizzontale;Nuvoloso;Normale;Buona;Ore Diurne;0;0;0;5;12.48457;41.94935;-1;1;Autovettura privata;In marcia / fermata / arresto;Passeggero;F;Illeso;0;;;;
2533784;20;10/10/2015 09:25;Strada Urbana;VIALE DI TOR DI QUINTO;in prossimità;;del civico n.;155;;Scontro frontale/laterale SX fra veicoli in marcia;Rettilineo;Due carreggiate;Bagnato (pioggia);Asfaltata;Orizzontale;Nuvoloso;Normale;Buona;Ore Diurne;0;0;0;5;12.48457;41.94935;-1;1;Autovettura privata;In marcia / fermata / arresto;Passeggero;F;Illeso;0;;;;
2533784;20;10/10/2015 09:25;Strada Urbana;VIALE DI TOR DI QUINTO;in prossimità;;del civico n.;155;;Scontro frontale/laterale SX fra veicoli in marcia;Rettilineo;Due carreggiate;Bagnato (pioggia);Asfaltata;Orizzontale;Nuvoloso;Normale;Buona;Ore Diurne;0;0;0;5;12.48457;41.94935;-1;2;Autovettura privata;In marcia / fermata / arresto;Conducente;M;Illeso;0;;;;
2533788;13;11/10/2015 21:50;Strada Urbana;VIALE DEI ROMAGNOLI;da specificare;;;;alt. P.zza Capelvenere;Veicolo in marcia contro ostacolo accidentale;Rettilineo;Una carreggiata a senso unico di marcia;Asciutto;Con buche;Orizzontale;Sereno;Normale;Sufficiente;Sufficiente;0;0;0;1;12.3646;41.78539;-1;1;Autovettura privata;In marcia / fermata / arresto;Conducente;M;Illeso;0;;Non accertato;Inesploso;
2533789;10;10/10/2015 08:50;Strada Urbana;VIA TUSCOLANA;da specificare;;;;prossimita' civ. 1874 (rampa per immissione Rm. c.;Veicolo in marcia contro ostacolo fisso;Curva a visuale libera;Due carreggiate;Bagnato (umidità in atto);Asfaltata;Verticale;Nuvoloso;Normale;Buona;Ore Diurne;0;0;0;1;12.57887;41.84638;-1;1;Autovettura privata;In marcia / fermata / arresto;Conducente;F;Illeso;0;;Non accertato;Inesploso;
2533794;19;09/10/2015 15:00;Strada Urbana;VIA ALBERTO ARALDI;all'intersezione con;VIA VERGINIA TONELLI;VIA VERGINIA TONELLI;;;Veicolo in marcia contro ostacolo accidentale;Incrocio;Una carreggiata a doppio senso;Bagnato (pioggia);Con buche;Assente;Pioggia in atto;Scarso;Sufficiente;Ore Diurne;0;0;0;1;12.37857;41.94295;-1;1;Autovettura privata;In marcia / fermata / arresto;Conducente;M;Illeso;0;;Non accertato;Inesploso;
2533803;19;09/10/2015 16:30;Strada Urbana;VIA GIUSEPPE MAZZATINTI;in prossimità;;del civico n.;15;;Veicolo in marcia contro veicolo fermo;Rettilineo;Una carreggiata a doppio senso;Asciutto;Asfaltata;Assente;Sereno;Scarso;Buona;Ore Diurne;0;0;0;2;12.41035;41.95827;-1;1;Altro;In marcia / fermata / arresto;Conducente;M;Illeso;0;;;;
2533803;19;09/10/2015 16:30;Strada Urbana;VIA GIUSEPPE MAZZATINTI;in prossimità;;del civico n.;15;;Veicolo in marcia contro veicolo fermo;Rettilineo;Una carreggiata a doppio senso;Asciutto;Asfaltata;Assente;Sereno;Scarso;Buona;Ore Diurne;0;0;0;2;12.41035;41.95827;-1;2;Autovettura privata;In marcia / fermata / arresto;Conducente;M;Illeso;0;;;;
2533805;10;11/10/2015 17:30;Strada Urbana;VIA VITTORIO RAGUSA;da specificare;;;;in pross. via Antolisei;Veicolo in marcia contro ostacolo accidentale;Curva a visuale libera;Una carreggiata a senso unico di marcia;Asciutto;Con buche;Orizzontale;Sereno;Normale;Buona;Ore Diurne;0;0;0;1;12.60709;41.84891;-1;1;Autovettura privata;In marcia / fermata / arresto;Conducente;M;Illeso;0;;Non accertato;Inesploso;
2533809;10;10/10/2015 05:00;Strada Urbana;VIA ANAGNINA;da specificare;;;;svincolo Tuscolana/Frascati;Veicolo in marcia contro ostacolo fisso;Curva senza visuale libera;Una carreggiata a senso unico di marcia;Bagnato (pioggia);Asfaltata;Verticale ed orizzontale;Pioggia in atto;Normale;Sufficiente;Sufficiente;0;0;0;1;12.59165;41.83771;-1;1;Autovettura privata;In marcia / fermata / arresto;Conducente;M;Illeso;0;;Non accertato;Inesploso;
2533818;8;10/10/2015 14:50;Strada Urbana;VIA MAGLIE;all'intersezione con;VIA SQUINZANO;VIA SQUINZANO;;;Scontro frontale/laterale DX fra veicoli in marcia;Intersezione stradale segnalata;Una carreggiata a doppio senso;Bagnato (pioggia);Asfaltata;Verticale ed orizzontale;Pioggia in atto;Normale;Buona;Ore Diurne;0;0;0;2;12.61712;41.88384;-1;1;Autovettura privata;In marcia / fermata / arresto;Conducente;M;Illeso;0;;Non accertato;Inesploso;
2533818;8;10/10/2015 14:50;Strada Urbana;VIA MAGLIE;all'intersezione con;VIA SQUINZANO;VIA SQUINZANO;;;Scontro frontale/laterale DX fra veicoli in marcia;Intersezione stradale segnalata;Una carreggiata a doppio senso;Bagnato (pioggia);Asfaltata;Verticale ed orizzontale;Pioggia in atto;Normale;Buona;Ore Diurne;0;0;0;2;12.61712;41.88384;-1;2;Autovettura privata;In marcia / fermata / arresto;Conducente;M;Illeso;0;;Non accertato;Inesploso;
2533819;10;11/10/2015 18:50;Strada Urbana;VIA ORAZIO PULVILLO;all'intersezione con;VIA CAIO SULPICIO;VIA CAIO SULPICIO;;;Scontro laterale fra veicoli in marcia;Incrocio;Due carreggiate;Asciutto;Asfaltata;Orizzontale;Sereno;Intenso;Buona;Sufficiente;0;0;0;3;12.56851;41.85439;-1;1;Autovettura privata;In marcia / fermata / arresto;Conducente;M;Illeso;0;;Non accertato;Inesploso;
2533819;10;11/10/2015 18:50;Strada Urbana;VIA ORAZIO PULVILLO;all'intersezione con;VIA CAIO SULPICIO;VIA CAIO SULPICIO;;;Scontro laterale fra veicoli in marcia;Incrocio;Due carreggiate;Asciutto;Asfaltata;Orizzontale;Sereno;Intenso;Buona;Sufficiente;0;0;0;3;12.56851;41.85439;-1;1;Autovettura privata;In marcia / fermata / arresto;Passeggero;F;Illeso;0;;Non accertato;Inesploso;
2533819;10;11/10/2015 18:50;Strada Urbana;VIA ORAZIO PULVILLO;all'intersezione con;VIA CAIO SULPICIO;VIA CAIO SULPICIO;;;Scontro laterale fra veicoli in marcia;Incrocio;Due carreggiate;Asciutto;Asfaltata;Orizzontale;Sereno;Intenso;Buona;Sufficiente;0;0;0;3;12.56851;41.85439;-1;2;Motociclo con passeggero;In marcia / fermata / arresto;Conducente;M;Illeso;0;;Non accertato;;
2533822;19;09/10/2015 19:30;Strada Urbana;VIA PIETRO BEMBO;all'intersezione con;VIA CARDINAL DOMENICO CAPRANICA;VIA CARDINAL DOMENICO CAPRANICA;;;Scontro laterale fra veicoli in marcia;Incrocio;Una carreggiata a doppio senso;Bagnato (pioggia);Asfaltata;Assente;Pioggia in atto;Scarso;Sufficiente;Sufficiente;2;0;0;1;12.40995;41.91416;-1;1;Autovettura privata;In marcia / fermata / arresto;Conducente;F;Rimandato;0;NON DECEDUTO;;;
2533822;19;09/10/2015 19:30;Strada Urbana;VIA PIETRO BEMBO;all'intersezione con;VIA CARDINAL DOMENICO CAPRANICA;VIA CARDINAL DOMENICO CAPRANICA;;;Scontro laterale fra veicoli in marcia;Incrocio;Una carreggiata a doppio senso;Bagnato (pioggia);Asfaltata;Assente;Pioggia in atto;Scarso;Sufficiente;Sufficiente;2;0;0;1;12.40995;41.91416;-1;1;Autovettura privata;In marcia / fermata / arresto;Passeggero;F;Rimandato;0;NON DECEDUTO;;;
2533822;19;09/10/2015 19:30;Strada Urbana;VIA PIETRO BEMBO;all'intersezione con;VIA CARDINAL DOMENICO CAPRANICA;VIA CARDINAL DOMENICO CAPRANICA;;;Scontro laterale fra veicoli in marcia;Incrocio;Una carreggiata a doppio senso;Bagnato (pioggia);Asfaltata;Assente;Pioggia in atto;Scarso;Sufficiente;Sufficiente;2;0;0;1;12.40995;41.91416;-1;2;Autovettura privata;In marcia / fermata / arresto;Conducente;M;Illeso;0;;;;
2533823;7;09/10/2015 23:45;Strada Urbana;VIA DEL FOSSO DELL'OSA;da specificare;;;;alt. palo luce 6;Scontro frontale/laterale SX fra veicoli in marcia;Curva a visuale libera;Una carreggiata a doppio senso;Bagnato (pioggia);Asfaltata;Assente;Pioggia in atto;Scarso;Buona;Sufficiente;2;0;0;2;12.69272;41.8902;-1;1;Autovettura privata;In marcia / fermata / arresto;Conducente;M;Illeso;0;;Non accertato;;
2533823;7;09/10/2015 23:45;Strada Urbana;VIA DEL FOSSO DELL'OSA;da specificare;;;;alt. palo luce 6;Scontro frontale/laterale SX fra veicoli in marcia;Curva a visuale libera;Una carreggiata a doppio senso;Bagnato (pioggia);Asfaltata;Assente;Pioggia in atto;Scarso;Buona;Sufficiente;2;0;0;2;12.69272;41.8902;-1;2;Autovettura di polizia;In marcia / fermata / arresto;Conducente;M;Rimandato;0;NON DECEDUTO;Non accertato;Esploso;
2533823;7;09/10/2015 23:45;Strada Urbana;VIA DEL FOSSO DELL'OSA;da specificare;;;;alt. palo luce 6;Scontro frontale/laterale SX fra veicoli in marcia;Curva a visuale libera;Una carreggiata a doppio senso;Bagnato (pioggia);Asfaltata;Assente;Pioggia in atto;Scarso;Buona;Sufficiente;2;0;0;2;12.69272;41.8902;-1;2;Autovettura di polizia;In marcia / fermata / arresto;Passeggero;M;Rimandato;0;NON DECEDUTO;Non accertato;Esploso;
2533823;7;09/10/2015 23:45;Strada Urbana;VIA DEL FOSSO DELL'OSA;da specificare;;;;alt. palo luce 6;Scontro frontale/laterale SX fra veicoli in marcia;Curva a visuale libera;Una carreggiata a doppio senso;Bagnato (pioggia);Asfaltata;Assente;Pioggia in atto;Scarso;Buona;Sufficiente;2;0;0;2;12.69272;41.8902;-1;3;Autovettura privata;In marcia / fermata / arresto;Conducente;M;Illeso;0;;Non accertato;Esploso;
2533826;8;10/10/2015 08:15;Strada Urbana;VIALE DUILIO CAMBELLOTTI;in prossimità;;del palo luce n.;50;;Fuoriuscita dalla sede stradale;Curva a visuale libera;Una carreggiata a doppio senso;Bagnato (pioggia);Asfaltata;Verticale ed orizzontale;Nuvoloso;Normale;Buona;Ore Diurne;1;0;0;0;12.62935;41.86719;-1;1;Autovettura privata;In marcia / fermata / arresto;Conducente;F;Rimandato;0;NON DECEDUTO;Non accertato;Inesploso;