Protocollo;Gruppo;DataOraIncidente;Localizzazione1;STRADA1;Localizzazione2;STRADA2;Strada02;Chilometrica;DaSpecificare;NaturaIncidente;particolaritastrade;TipoStrada;FondoStradale;Pavimentazione;Segnaletica;CondizioneAtmosferica;Traffico;Visibilita;Illuminazione;NUM_FERITI;NUM_RISERVATA;NUM_MORTI;NUM_ILLESI;Longitudine;Latitudine;Confermato;Progressivo;TipoVeicolo;StatoVeicolo;TipoPersona;Sesso;Tipolesione;Deceduto;DecedutoDopo;CinturaCascoUtilizzato;Airbag;
2534622;18;08/10/2015 11:00;Strada Urbana;CIRCONVALLAZIONE AURELIA;in prossimità;;del civico n.;85;;Tamponamento;Rettilineo;Una carreggiata a senso unico di marcia;Asciutto;Asfaltata;Verticale ed orizzontale;Sereno;Normale;Buona;Ore Diurne;0;0;0;4;12.42907;41.89635;-1;1;Autovettura privata;In marcia / fermata / arresto;Conducente;M;Illeso;0;;Non accertato;;
2534622;18;08/10/2015 11:00;Strada Urbana;CIRCONVALLAZIONE AURELIA;in prossimità;;del civico n.;85;;Tamponamento;Rettilineo;Una carreggiata a senso unico di marcia;Asciutto;Asfaltata;Verticale ed orizzontale;Sereno;Normale;Buona;Ore Diurne;0;0;0;4;12.42907;41.89635;-1;1;Autovettura privata;In marcia / fermata / arresto;Passeggero;M;Illeso;0;;Non accertato;;
2534622;18;08/10/2015 11:00;Strada Urbana;CIRCONVALLAZIONE AURELIA;in prossimità;;del civico n.;85;;Tamponamento;Rettilineo;Una carreggiata a senso unico di marcia;Asciutto;Asfaltata;Verticale ed orizzontale;Sereno;Normale;Buona;Ore Diurne;0;0;0;4;12.42907;41.89635;-1;2;Autovettura privata;In marcia / fermata / arresto;Conducente;F;Illeso;0;;Non accertato;;
2534622;18;08/10/2015 11:00;Strada Urbana;CIRCONVALLAZIONE AURELIA;in prossimità;;del civico n.;85;;Tamponamento;Rettilineo;Una carreggiata a senso unico di marcia;Asciutto;Asfaltata;Verticale ed orizzontale;Sereno;Normale;Buona;Ore Diurne;0;0;0;4;12.42907;41.89635;-1;2;Autovettura privata;In marcia / fermata / arresto;Passeggero;M;Illeso;0;;Non accertato;;
2534633;10;12/10/2015 13:45;Strada Urbana;VIA VITTORIO RAGUSA;in prossimità;;del civico n.;100;;Scontro laterale fra veicoli in marcia;Curva senza visuale libera;Una carreggiata a senso unico di marcia;Asciutto;Asfaltata;Orizzontale;Sereno;Normale;Buona;Ore Diurne;0;0;0;5;12.60647;41.84918;-1;1;Autovettura privata;In marcia / fermata / arresto;Passeggero;M;Illeso;0;;Non accertato;Inesploso;
2534633;10;12/10/2015 13:45;Strada Urbana;VIA VITTORIO RAGUSA;in prossimità;;del civico n.;100;;Scontro laterale fra veicoli in marcia;Curva senza visuale libera;Una carreggiata a senso unico di marcia;Asciutto;Asfaltata;Orizzontale;Sereno;Normale;Buona;Ore Diurne;0;0;0;5;12.60647;41.84918;-1;1;Autovettura privata;In marcia / fermata / arresto;Passeggero;F;Illeso;0;;Non accertato;Inesploso;
2534633;10;12/10/2015 13:45;Strada Urbana;VIA VITTORIO RAGUSA;in prossimità;;del civico n.;100;;Scontro laterale fra veicoli in marcia;Curva senza visuale libera;Una carreggiata a senso unico di marcia;Asciutto;Asfaltata;Orizzontale;Sereno;Normale;Buona;Ore Diurne;0;0;0;5;12.60647;41.84918;-1;1;Autovettura privata;In marcia / fermata / arresto;Passeggero;F;Illeso;0;;Non accertato;Inesploso;
2534633;10;12/10/2015 13:45;Strada Urbana;VIA VITTORIO RAGUSA;in prossimità;;del civico n.;100;;Scontro laterale fra veicoli in marcia;Curva senza visuale libera;Una carreggiata a senso unico di marcia;Asciutto;Asfaltata;Orizzontale;Sereno;Normale;Buona;Ore Diurne;0;0;0;5;12.60647;41.84918;-1;1;Autovettura privata;In marcia / fermata / arresto;Conducente;M;Illeso;0;;Non accertato;Inesploso;
2534633;10;12/10/2015 13:45;Strada Urbana;VIA VITTORIO RAGUSA;in prossimità;;del civico n.;100;;Scontro laterale fra veicoli in marcia;Curva senza visuale libera;Una carreggiata a senso unico di marcia;Asciutto;Asfaltata;Orizzontale;Sereno;Normale;Buona;Ore Diurne;0;0;0;5;12.60647;41.84918;-1;2;Autocarro superiore 35 q.;In marcia / fermata / arresto;Conducente;F;Illeso;0;;Non accertato;Inesistente;
2534637;2;09/10/2015 23:30;Strada Urbana;PIAZZA DI S. COSTANZA;all'intersezione con;VIA DI S. COSTANZA;VIA DI S. COSTANZA;;;Scontro laterale fra veicoli in marcia;Rotatoria;Una carreggiata a doppio senso;Bagnato (pioggia);Asfaltata;Verticale ed orizzontale;Pioggia in atto;Scarso;Sufficiente;Sufficiente;0;0;0;2;12.51581;41.92189;-1;1;Autovettura privata;In marcia / fermata / arresto;Conducente;M;Illeso;0;;;;
2534637;2;09/10/2015 23:30;Strada Urbana;PIAZZA DI S. COSTANZA;all'intersezione con;VIA DI S. COSTANZA;VIA DI S. COSTANZA;;;Scontro laterale fra veicoli in marcia;Rotatoria;Una carreggiata a doppio senso;Bagnato (pioggia);Asfaltata;Verticale ed orizzontale;Pioggia in atto;Scarso;Sufficiente;Sufficiente;0;0;0;2;12.51581;41.92189;-1;2;Altro;In marcia / fermata / arresto;Conducente;M;Illeso;0;;;;
2534663;12;10/10/2015 08:40;Strada Urbana;VIADOTTO DELLA MAGLIANA;da specificare;;;;altezza VIA CAPPELLACCIO direz. ROMA;Scontro laterale fra veicoli in marcia;Curva a visuale libera;Due carreggiate;Bagnato (pioggia);Asfaltata;Verticale ed orizzontale;Pioggia in atto;Normale;Buona;Ore Diurne;0;0;0;2;12.46024;41.83843;-1;1;Autovettura privata;In marcia / fermata / arresto;Conducente;M;Illeso;0;;Non accertato;Inesploso;
2534663;12;10/10/2015 08:40;Strada Urbana;VIADOTTO DELLA MAGLIANA;da specificare;;;;altezza VIA CAPPELLACCIO direz. ROMA;Scontro laterale fra veicoli in marcia;Curva a visuale libera;Due carreggiate;Bagnato (pioggia);Asfaltata;Verticale ed orizzontale;Pioggia in atto;Normale;Buona;Ore Diurne;0;0;0;2;12.46024;41.83843;-1;2;Autovettura privata;In marcia / fermata / arresto;Conducente;M;Illeso;0;;Non accertato;Inesploso;
2534675;17;10/10/2015 03:30;Strada Urbana;VIA ANASTASIO II;da specificare;;;;163.;Veicolo in marcia contro ostacolo fisso;Curva senza visuale libera;Due carreggiate;Bagnato (pioggia);Asfaltata;Verticale ed orizzontale;Pioggia in atto;Scarso;Sufficiente;Sufficiente;1;0;0;0;12.44247;41.89998;-1;1;Autovettura privata;In marcia / fermata / arresto;Conducente;M;Rimandato;0;NON DECEDUTO;Non accertato;Esploso;
2534704;11;12/10/2015 14:29;Strada Urbana;VIA CRISTOFORO COLOMBO;all'intersezione semaforizzata con;VIA LAURENTINA;VIA LAURENTINA;;;Scontro laterale fra veicoli in marcia;Intersezione semaforizzata;Più di due carreggiate;Asciutto;Asfaltata;Verticale ed orizzontale;Sereno;Normale;Buona;Ore Diurne;0;0;0;2;12.47895;41.84628;-1;1;Autovettura privata;In marcia / fermata / arresto;Conducente;F;Illeso;0;;Non accertato;Inesploso;
2534704;11;12/10/2015 14:29;Strada Urbana;VIA CRISTOFORO COLOMBO;all'intersezione semaforizzata con;VIA LAURENTINA;VIA LAURENTINA;;;Scontro laterale fra veicoli in marcia;Intersezione semaforizzata;Più di due carreggiate;Asciutto;Asfaltata;Verticale ed orizzontale;Sereno;Normale;Buona;Ore Diurne;0;0;0;2;12.47895;41.84628;-1;2;Autovettura privata;In marcia / fermata / arresto;Conducente;F;Illeso;0;;Non accertato;Inesploso;
2534708;2;09/10/2015 07:45;Strada Urbana;VIA CHIANA;all'intersezione con;VIA BENACO;VIA BENACO;;;Scontro laterale fra veicoli in marcia;Incrocio;Una carreggiata a senso unico di marcia;Asciutto;Asfaltata;Verticale ed orizzontale;Nuvoloso;Normale;Buona;Ore Diurne;0;0;0;2;12.50442;41.9222;-1;1;Autovettura di polizia;In marcia / fermata / arresto;Conducente;M;Illeso;0;;Non accertato;;
2534708;2;09/10/2015 07:45;Strada Urbana;VIA CHIANA;all'intersezione con;VIA BENACO;VIA BENACO;;;Scontro laterale fra veicoli in marcia;Incrocio;Una carreggiata a senso unico di marcia;Asciutto;Asfaltata;Verticale ed orizzontale;Nuvoloso;Normale;Buona;Ore Diurne;0;0;0;2;12.50442;41.9222;-1;2;Ciclomotore;In marcia / fermata / arresto;Conducente;M;Illeso;0;;;;
2534710;6;12/10/2015 15:00;Strada Urbana;VIA TOR DE' SCHIAVI;all'intersezione con;VIA DELLE ROSE;VIA DELLE ROSE;;;Scontro laterale fra veicoli in marcia;Incrocio;Due carreggiate;Asciutto;Asfaltata;Orizzontale;Sereno;Scarso;Buona;Ore Diurne;0;0;0;3;12.56118;41.88956;-1;1;Autovettura privata;In marcia / fermata / arresto;Conducente;M;Illeso;0;;Non accertato;Inesploso;
2534710;6;12/10/2015 15:00;Strada Urbana;VIA TOR DE' SCHIAVI;all'intersezione con;VIA DELLE ROSE;VIA DELLE ROSE;;;Scontro laterale fra veicoli in marcia;Incrocio;Due carreggiate;Asciutto;Asfaltata;Orizzontale;Sereno;Scarso;Buona;Ore Diurne;0;0;0;3;12.56118;41.88956;-1;1;Autovettura privata;In marcia / fermata / arresto;Passeggero;F;Illeso;0;;Non accertato;Inesploso;
2534710;6;12/10/2015 15:00;Strada Urbana;VIA TOR DE' SCHIAVI;all'intersezione con;VIA DELLE ROSE;VIA DELLE ROSE;;;Scontro laterale fra veicoli in marcia;Incrocio;Due carreggiate;Asciutto;Asfaltata;Orizzontale;Sereno;Scarso;Buona;Ore Diurne;0;0;0;3;12.56118;41.88956;-1;2;Motociclo a solo;In marcia / fermata / arresto;Conducente;M;Illeso;0;;Non accertato;;
2534712;2;10/10/2015 09:45;Strada Urbana;VIALE DEL MURO TORTO;da specificare;;;;prossimità p.zzale Brasile dir. Porta Pia;Veicolo in marcia contro ostacolo fisso;Curva a visuale libera;Due carreggiate;Bagnato (pioggia);Asfaltata;Orizzontale;Pioggia in atto;Normale;Buona;Ore Diurne;0;0;0;1;12.4949;41.91101;-1;1;Autovettura privata;In marcia / fermata / arresto;Conducente;M;Illeso;0;;Non accertato;Inesploso;
2534722;18;05/10/2015 14:20;Strada Urbana;VIA ANASTASIO II;all'intersezione con;VIA AGOSTINO RICHELMY;VIA AGOSTINO RICHELMY;;;Scontro frontale/laterale DX fra veicoli in marcia;Intersezione stradale segnalata;Due carreggiate;Asciutto;Asfaltata;Verticale ed orizzontale;Nuvoloso;Normale;Buona;Ore Diurne;1;0;0;2;12.44247;41.89998;-1;1;Motociclo a solo;In marcia / fermata / arresto;Conducente;M;Rimandato;0;NON DECEDUTO;Non accertato;;
2534722;18;05/10/2015 14:20;Strada Urbana;VIA ANASTASIO II;all'intersezione con;VIA AGOSTINO RICHELMY;VIA AGOSTINO RICHELMY;;;Scontro frontale/laterale DX fra veicoli in marcia;Intersezione stradale segnalata;Due carreggiate;Asciutto;Asfaltata;Verticale ed orizzontale;Nuvoloso;Normale;Buona;Ore Diurne;1;0;0;2;12.44247;41.89998;-1;2;Autovettura privata;In marcia / fermata / arresto;Conducente;M;Illeso;0;;Non accertato;Inesploso;
2534722;18;05/10/2015 14:20;Strada Urbana;VIA ANASTASIO II;all'intersezione con;VIA AGOSTINO RICHELMY;VIA AGOSTINO RICHELMY;;;Scontro frontale/laterale DX fra veicoli in marcia;Intersezione stradale segnalata;Due carreggiate;Asciutto;Asfaltata;Verticale ed orizzontale;Nuvoloso;Normale;Buona;Ore Diurne;1;0;0;2;12.44247;41.89998;-1;2;Autovettura privata;In marcia / fermata / arresto;Passeggero;M;Illeso;0;;Non accertato;Inesploso;
2534725;17;10/10/2015 01:00;Strada Urbana;PIAZZA ADRIANA;all'intersezione semaforizzata con;VIA CRESCENZIO;VIA CRESCENZIO;;;Scontro laterale fra veicoli in marcia;Intersezione semaforizzata;Due carreggiate;Bagnato (pioggia);Acciotolata;Orizzontale;Pioggia in atto;Normale;Sufficiente;Sufficiente;0;0;0;4;12.46617;41.90554;-1;1;Autovettura privata;In marcia / fermata / arresto;Conducente;F;Illeso;0;;Non accertato;Inesploso;
2534725;17;10/10/2015 01:00;Strada Urbana;PIAZZA ADRIANA;all'intersezione semaforizzata con;VIA CRESCENZIO;VIA CRESCENZIO;;;Scontro laterale fra veicoli in marcia;Intersezione semaforizzata;Due carreggiate;Bagnato (pioggia);Acciotolata;Orizzontale;Pioggia in atto;Normale;Sufficiente;Sufficiente;0;0;0;4;12.46617;41.90554;-1;2;Autovettura privata;In marcia / fermata / arresto;Conducente;M;Illeso;0;;Non accertato;Inesploso;
2534725;17;10/10/2015 01:00;Strada Urbana;PIAZZA ADRIANA;all'intersezione semaforizzata con;VIA CRESCENZIO;VIA CRESCENZIO;;;Scontro laterale fra veicoli in marcia;Intersezione semaforizzata;Due carreggiate;Bagnato (pioggia);Acciotolata;Orizzontale;Pioggia in atto;Normale;Sufficiente;Sufficiente;0;0;0;4;12.46617;41.90554;-1;2;Autovettura privata;In marcia / fermata / arresto;Passeggero;M;Illeso;0;;Non accertato;Inesploso;
2534725;17;10/10/2015 01:00;Strada Urbana;PIAZZA ADRIANA;all'intersezione semaforizzata con;VIA CRESCENZIO;VIA CRESCENZIO;;;Scontro laterale fra veicoli in marcia;Intersezione semaforizzata;Due carreggiate;Bagnato (pioggia);Acciotolata;Orizzontale;Pioggia in atto;Normale;Sufficiente;Sufficiente;0;0;0;4;12.46617;41.90554;-1;2;Autovettura privata;In marcia / fermata / arresto;Passeggero;F;Illeso;0;;Non accertato;Inesploso;
2534753;12;10/10/2015 09:50;Strada Urbana;VIADOTTO DELLA MAGLIANA;da specificare;;;;direz.FIUMICINO 50 mt dopo immissione Sheraton;Veicolo in marcia contro ostacolo fisso;Rettilineo;Due carreggiate;Bagnato (pioggia);Asfaltata;Verticale ed orizzontale;Pioggia in atto;Normale;Buona;Ore Diurne;0;0;0;1;12.46865;41.84294;-1;1;Autovettura privata;In marcia / fermata / arresto;Conducente;F;Illeso;0;;Utilizzato;Inesploso;
2534763;12;08/10/2015 18:30;Strada Urbana;VIA CRISTOFORO COLOMBO;da specificare;;;;laterale dir. Ostia 300 mt incrocio via di Decima;Veicolo in marcia contro ostacolo accidentale;Rettilineo;Più di due carreggiate;Asciutto;Asfaltata;Verticale ed orizzontale;Sereno;Normale;Buona;Inesistente;1;0;0;0;12.44704;41.80373;-1;1;Motociclo a solo;In marcia / fermata / arresto;Conducente;M;Rimandato;0;NON DECEDUTO;Utilizzato;;
2534767;2;09/10/2015 17:50;Strada Urbana;VIALE ERITREA;all'intersezione con;VIA DELLA MARTA;VIA DELLA MARTA;;;Scontro frontale/laterale DX fra veicoli in marcia;Intersezione non regolata/non segnalata;Una carreggiata a doppio senso;Bagnato (pioggia);Asfaltata;Orizzontale;Pioggia in atto;Normale;Sufficiente;Ore Diurne;1;0;0;1;12.51588;41.92702;-1;1;Motociclo a solo;In marcia / fermata / arresto;Conducente;M;Rifiuta cure immediate;0;NON DECEDUTO;Non accertato;;
2534767;2;09/10/2015 17:50;Strada Urbana;VIALE ERITREA;all'intersezione con;VIA DELLA MARTA;VIA DELLA MARTA;;;Scontro frontale/laterale DX fra veicoli in marcia;Intersezione non regolata/non segnalata;Una carreggiata a doppio senso;Bagnato (pioggia);Asfaltata;Orizzontale;Pioggia in atto;Normale;Sufficiente;Ore Diurne;1;0;0;1;12.51588;41.92702;-1;2;Autovettura privata;In marcia / fermata / arresto;Conducente;M;Illeso;0;;Non accertato;Inesploso;
2534808;2;09/10/2015 22:45;Strada Urbana;LUNGOTEVERE GRANDE A.GLIO THAON DI REVEL;all'intersezione con;PIAZZALE CARDINAL CONSALVI;PIAZZALE CARDINAL CONSALVI;;;Scontro frontale/laterale DX fra veicoli in marcia;Incrocio;Una carreggiata a doppio senso;Bagnato (pioggia);Asfaltata;Verticale ed orizzontale;Pioggia in atto;Normale;Sufficiente;Sufficiente;0;0;0;3;12.46733;41.93449;-1;1;Autovettura privata;In marcia / fermata / arresto;Conducente;M;Illeso;0;;Non accertato;Inesploso;
2534808;2;09/10/2015 22:45;Strada Urbana;LUNGOTEVERE GRANDE A.GLIO THAON DI REVEL;all'intersezione con;PIAZZALE CARDINAL CONSALVI;PIAZZALE CARDINAL CONSALVI;;;Scontro frontale/laterale DX fra veicoli in marcia;Incrocio;Una carreggiata a doppio senso;Bagnato (pioggia);Asfaltata;Verticale ed orizzontale;Pioggia in atto;Normale;Sufficiente;Sufficiente;0;0;0;3;12.46733;41.93449;-1;2;Autovettura privata;In marcia / fermata / arresto;Conducente;M;Illeso;0;;Non accertato;Inesploso;
2534808;2;09/10/2015 22:45;Strada Urbana;LUNGOTEVERE GRANDE A.GLIO THAON DI REVEL;all'intersezione con;PIAZZALE CARDINAL CONSALVI;PIAZZALE CARDINAL CONSALVI;;;Scontro frontale/laterale DX fra veicoli in marcia;Incrocio;Una carreggiata a doppio senso;Bagnato (pioggia);Asfaltata;Verticale ed orizzontale;Pioggia in atto;Normale;Sufficiente;Sufficiente;0;0;0;3;12.46733;41.93449;-1;2;Autovettura privata;In marcia / fermata / arresto;Passeggero;F;Illeso;0;;Non accertato;Inesploso;
2534835;12;10/10/2015 10:50;Strada Urbana;VIA CRISTOFORO COLOMBO;da specificare;;;;prossimità sottovia VIA PONTINA;Veicolo in marcia contro ostacolo fisso;Curva a visuale libera;Due carreggiate;Bagnato (pioggia);Asfaltata;Verticale ed orizzontale;Pioggia in atto;Normale;Buona;Ore Diurne;0;0;0;1;12.45779;41.81051;-1;1;Autovettura privata;In marcia / fermata / arresto;Conducente;M;Illeso;0;;Utilizzato;Inesploso;
2534852;18;09/10/2015;Strada Urbana;VIA DI CASAL SELCE;in corrispondenza;;del civico n.;257;;Veicolo in marcia contro ostacolo fisso;Curva senza visuale libera;Una carreggiata a doppio senso;Asciutto;Asfaltata;Orizzontale;Nuvoloso;Scarso;Buona;Sufficiente;0;0;0;2;12.34911;41.90772;-1;1;Autovettura privata;In marcia / fermata / arresto;Conducente;M;Illeso;0;;Non accertato;;
2534852;18;09/10/2015;Strada Urbana;VIA DI CASAL SELCE;in corrispondenza;;del civico n.;257;;Veicolo in marcia contro ostacolo fisso;Curva senza visuale libera;Una carreggiata a doppio senso;Asciutto;Asfaltata;Orizzontale;Nuvoloso;Scarso;Buona;Sufficiente;0;0;0;2;12.34911;41.90772;-1;1;Autovettura privata;In marcia / fermata / arresto;Passeggero;M;Illeso;0;;Non accertato;;
2534865;18;12/10/2015 13:30;Strada Urbana;VIA DEL CASALE DI S. PIO V;in corrispondenza;;del civico n.;15;;Scontro laterale fra veicoli in marcia;Rettilineo;Una carreggiata a doppio senso;Asciutto;Asfaltata;Orizzontale;Sereno;Normale;Buona;Ore Diurne;0;0;0;2;12.43213;41.89245;-1;1;Autocarro inferiore 35 q.;In marcia / fermata / arresto;Conducente;M;Illeso;0;;;;
2534865;18;12/10/2015 13:30;Strada Urbana;VIA DEL CASALE DI S. PIO V;in corrispondenza;;del civico n.;15;;Scontro laterale fra veicoli in marcia;Rettilineo;Una carreggiata a doppio senso;Asciutto;Asfaltata;Orizzontale;Sereno;Normale;Buona;Ore Diurne;0;0;0;2;12.43213;41.89245;-1;2;Autovettura privata;In marcia / fermata / arresto;Conducente;F;Illeso;0;;;;
2534867;12;10/10/2015 17:00;Strada Urbana;VIA MALAGA;all'intersezione con;VIA BILBAO;VIA BILBAO;;;Veicolo in marcia contro ostacolo fisso;Incrocio;Una carreggiata a senso unico di marcia;Bagnato (pioggia);Asfaltata;Verticale ed orizzontale;Pioggia in atto;Scarso;Buona;Ore Diurne;0;0;0;1;12.45259;41.81858;-1;1;Quadriciclo leggero;In marcia / fermata / arresto;Conducente;M;Illeso;0;;;;
2534868;10;12/10/2015 16:10;Strada Urbana;VIA VITTORIO RAGUSA;in prossimità;;del civico n.;100;;Scontro laterale fra veicoli in marcia;Curva a visuale libera;Una carreggiata a senso unico di marcia;Asciutto;Asfaltata;Verticale ed orizzontale;Sereno;Normale;Buona;Ore Diurne;0;0;0;2;12.60672;41.8491;-1;1;Autovettura privata;In marcia / fermata / arresto;Conducente;M;Illeso;0;;Non accertato;Inesploso;
2534868;10;12/10/2015 16:10;Strada Urbana;VIA VITTORIO RAGUSA;in prossimità;;del civico n.;100;;Scontro laterale fra veicoli in marcia;Curva a visuale libera;Una carreggiata a senso unico di marcia;Asciutto;Asfaltata;Verticale ed orizzontale;Sereno;Normale;Buona;Ore Diurne;0;0;0;2;12.60672;41.8491;-1;2;Autovettura privata;In marcia / fermata / arresto;Conducente;M;Illeso;0;;Non accertato;Inesploso;
2534889;12;09/10/2015 08:10;Strada Urbana;VIA BRUNO DE FINETTI;da specificare;;;;prox. civico 95;Scontro frontale/laterale DX fra veicoli in marcia;Rotatoria;Due carreggiate;Asciutto;Asfaltata;Verticale ed orizzontale;Nuvoloso;Scarso;Buona;Ore Diurne;1;0;0;2;12.48552;41.79254;-1;1;Autovettura privata;In marcia / fermata / arresto;Conducente;F;Illeso;0;;Utilizzato;Inesploso;
2534889;12;09/10/2015 08:10;Strada Urbana;VIA BRUNO DE FINETTI;da specificare;;;;prox. civico 95;Scontro frontale/laterale DX fra veicoli in marcia;Rotatoria;Due carreggiate;Asciutto;Asfaltata;Verticale ed orizzontale;Nuvoloso;Scarso;Buona;Ore Diurne;1;0;0;2;12.48552;41.79254;-1;1;Autovettura privata;In marcia / fermata / arresto;Passeggero;F;Illeso;0;;Utilizzato;Inesploso;
2534889;12;09/10/2015 08:10;Strada Urbana;VIA BRUNO DE FINETTI;da specificare;;;;prox. civico 95;Scontro frontale/laterale DX fra veicoli in marcia;Rotatoria;Due carreggiate;Asciutto;Asfaltata;Verticale ed orizzontale;Nuvoloso;Scarso;Buona;Ore Diurne;1;0;0;2;12.48552;41.79254;-1;2;Motociclo a solo;In marcia / fermata / arresto;Conducente;M;Rimandato;0;NON DECEDUTO;Utilizzato;;
2534895;2;11/10/2015 15:40;Strada Urbana;PIAZZA DI PRISCILLA;da specificare;;;;alt. VIA DI TOR FIORENZA;Scontro laterale fra veicoli in marcia;Rettilineo;Una carreggiata a senso unico di marcia;Asciutto;Asfaltata;Verticale ed orizzontale;Sereno;Normale;Buona;Ore Diurne;0;0;0;4;12.50903;41.93024;-1;1;Autovettura di soccorso;In marcia / fermata / arresto;Conducente;M;Illeso;0;;Non accertato;Inesploso;
2534895;2;11/10/2015 15:40;Strada Urbana;PIAZZA DI PRISCILLA;da specificare;;;;alt. VIA DI TOR FIORENZA;Scontro laterale fra veicoli in marcia;Rettilineo;Una carreggiata a senso unico di marcia;Asciutto;Asfaltata;Verticale ed orizzontale;Sereno;Normale;Buona;Ore Diurne;0;0;0;4;12.50903;41.93024;-1;1;Autovettura di soccorso;In marcia / fermata / arresto;Passeggero;M;Illeso;0;;Non accertato;Inesploso;
2534895;2;11/10/2015 15:40;Strada Urbana;PIAZZA DI PRISCILLA;da specificare;;;;alt. VIA DI TOR FIORENZA;Scontro laterale fra veicoli in marcia;Rettilineo;Una carreggiata a senso unico di marcia;Asciutto;Asfaltata;Verticale ed orizzontale;Sereno;Normale;Buona;Ore Diurne;0;0;0;4;12.50903;41.93024;-1;2;Autovettura privata;In marcia / fermata / arresto;Conducente;M;Illeso;0;;Non accertato;Inesploso;
2534895;2;11/10/2015 15:40;Strada Urbana;PIAZZA DI PRISCILLA;da specificare;;;;alt. VIA DI TOR FIORENZA;Scontro laterale fra veicoli in marcia;Rettilineo;Una carreggiata a senso unico di marcia;Asciutto;Asfaltata;Verticale ed orizzontale;Sereno;Normale;Buona;Ore Diurne;0;0;0;4;12.50903;41.93024;-1;2;Autovettura privata;In marcia / fermata / arresto;Passeggero;M;Illeso;0;;Non accertato;Inesploso;
2534897;12;10/10/2015 19:15;Strada Urbana;VIA CRISTOFORO COLOMBO;da specificare;;;;direz.G.R.A. altezza VIALE AMERICA;Scontro frontale/laterale DX fra veicoli in marcia;Curva a visuale libera;Due carreggiate;Bagnato (pioggia);Asfaltata;Verticale ed orizzontale;Pioggia in atto;Normale;Buona;Sufficiente;0;0;0;5;12.46857;41.82959;-1;1;Autovettura privata;In marcia / fermata / arresto;Conducente;M;Illeso;0;;Non accertato;Inesploso;
2534897;12;10/10/2015 19:15;Strada Urbana;VIA CRISTOFORO COLOMBO;da specificare;;;;direz.G.R.A. altezza VIALE AMERICA;Scontro frontale/laterale DX fra veicoli in marcia;Curva a visuale libera;Due carreggiate;Bagnato (pioggia);Asfaltata;Verticale ed orizzontale;Pioggia in atto;Normale;Buona;Sufficiente;0;0;0;5;12.46857;41.82959;-1;1;Autovettura privata;In marcia / fermata / arresto;Passeggero;M;Illeso;0;;Utilizzato;Inesploso;
2534897;12;10/10/2015 19:15;Strada Urbana;VIA CRISTOFORO COLOMBO;da specificare;;;;direz.G.R.A. altezza VIALE AMERICA;Scontro frontale/laterale DX fra veicoli in marcia;Curva a visuale libera;Due carreggiate;Bagnato (pioggia);Asfaltata;Verticale ed orizzontale;Pioggia in atto;Normale;Buona;Sufficiente;0;0;0;5;12.46857;41.82959;-1;1;Autovettura privata;In marcia / fermata / arresto;Passeggero;F;Illeso;0;;Utilizzato;Inesploso;
2534897;12;10/10/2015 19:15;Strada Urbana;VIA CRISTOFORO COLOMBO;da specificare;;;;direz.G.R.A. altezza VIALE AMERICA;Scontro frontale/laterale DX fra veicoli in marcia;Curva a visuale libera;Due carreggiate;Bagnato (pioggia);Asfaltata;Verticale ed orizzontale;Pioggia in atto;Normale;Buona;Sufficiente;0;0;0;5;12.46857;41.82959;-1;2;Autovettura privata;In marcia / fermata / arresto;Conducente;M;Illeso;0;;Non accertato;Inesploso;
2534897;12;10/10/2015 19:15;Strada Urbana;VIA CRISTOFORO COLOMBO;da specificare;;;;direz.G.R.A. altezza VIALE AMERICA;Scontro frontale/laterale DX fra veicoli in marcia;Curva a visuale libera;Due carreggiate;Bagnato (pioggia);Asfaltata;Verticale ed orizzontale;Pioggia in atto;Normale;Buona;Sufficiente;0;0;0;5;12.46857;41.82959;-1;2;Autovettura privata;In marcia / fermata / arresto;Passeggero;F;Illeso;0;;Utilizzato;Inesploso;
2534903;2;10/10/2015 09:45;Strada Urbana;VIALE DEL MURO TORTO;da specificare;;;;pross. p.le Brasile direz. Porta Pia;Investimento di pedone;Curva a visuale libera;Due carreggiate;Bagnato (pioggia);Asfaltata;Orizzontale;Pioggia in atto;Normale;Buona;Ore Diurne;1;0;0;1;12.49049;41.91001;-1;;;;Pedone;M;Rimandato;0;NON DECEDUTO;;;
2534903;2;10/10/2015 09:45;Strada Urbana;VIALE DEL MURO TORTO;da specificare;;;;pross. p.le Brasile direz. Porta Pia;Investimento di pedone;Curva a visuale libera;Due carreggiate;Bagnato (pioggia);Asfaltata;Orizzontale;Pioggia in atto;Normale;Buona;Ore Diurne;1;0;0;1;12.49049;41.91001;-1;1;Autovettura privata;In marcia / fermata / arresto;Conducente;F;Illeso;0;;Non accertato;;
2534924;18;12/10/2015 14:30;Strada Urbana;VIA ETTORE STAMPINI;da specificare;;;;in prossimità del civico 40;Ribaltamento senza urto contro ostacolo fisso;Curva senza visuale libera;Una carreggiata a doppio senso;Viscido da liquidi oleosi;Asfaltata;Verticale ed orizzontale;Sereno;Scarso;Buona;Ore Diurne;1;0;0;0;12.4337;41.90374;-1;1;Motociclo a solo;In marcia / fermata / arresto;Conducente;M;Rifiuta cure immediate;0;NON DECEDUTO;Utilizzato;;