Protocollo;Gruppo;DataOraIncidente;Localizzazione1;STRADA1;Localizzazione2;STRADA2;Strada02;Chilometrica;DaSpecificare;NaturaIncidente;particolaritastrade;TipoStrada;FondoStradale;Pavimentazione;Segnaletica;CondizioneAtmosferica;Traffico;Visibilita;Illuminazione;NUM_FERITI;NUM_RISERVATA;NUM_MORTI;NUM_ILLESI;Longitudine;Latitudine;Confermato;Progressivo;TipoVeicolo;StatoVeicolo;TipoPersona;Sesso;Tipolesione;Deceduto;DecedutoDopo;CinturaCascoUtilizzato;Airbag;
2538673;8;14/10/2015 06:00;Strada Urbana;VIALE FRANCESCO CALTAGIRONE;in prossimità;;del civico n.;314;;Veicolo in marcia contro ostacolo accidentale;Curva a visuale libera;Due carreggiate;Bagnato (umidità in atto);Asfaltata;Orizzontale;Nuvoloso;Normale;Buona;Ore Diurne;0;0;0;1;12.65673;41.9082;-1;1;Autobus turistico;In marcia / fermata / arresto;Conducente;M;Illeso;0;;Non accertato;Inesploso;
2538676;19;14/10/2015 16:00;Strada Urbana;VIA MARIO FANI;all'intersezione con;VIA SANGEMINI;VIA SANGEMINI;;;Scontro laterale fra veicoli in marcia;Incrocio;Una carreggiata a doppio senso;Asciutto;Asfaltata;Verticale ed orizzontale;Nuvoloso;Scarso;Buona;Ore Diurne;0;0;0;2;12.44093;41.93706;-1;1;Autovettura privata;In marcia / fermata / arresto;Conducente;F;Illeso;0;;Non accertato;Inesploso;
2538676;19;14/10/2015 16:00;Strada Urbana;VIA MARIO FANI;all'intersezione con;VIA SANGEMINI;VIA SANGEMINI;;;Scontro laterale fra veicoli in marcia;Incrocio;Una carreggiata a doppio senso;Asciutto;Asfaltata;Verticale ed orizzontale;Nuvoloso;Scarso;Buona;Ore Diurne;0;0;0;2;12.44093;41.93706;-1;2;Autovettura privata;In marcia / fermata / arresto;Conducente;M;Illeso;0;;;;
2538678;8;14/10/2015 08:50;Strada Urbana;VIA DI TORRE SPACCATA;in prossimità;;del civico n.;161;;Scontro laterale fra veicoli in marcia;Rettilineo;Una carreggiata a doppio senso;Asciutto;Asfaltata;Orizzontale;Nuvoloso;Normale;Buona;Ore Diurne;0;0;0;2;12.58625;41.86628;-1;1;Autovettura privata;In marcia / fermata / arresto;Conducente;M;Illeso;0;;Non accertato;Inesploso;
2538678;8;14/10/2015 08:50;Strada Urbana;VIA DI TORRE SPACCATA;in prossimità;;del civico n.;161;;Scontro laterale fra veicoli in marcia;Rettilineo;Una carreggiata a doppio senso;Asciutto;Asfaltata;Orizzontale;Nuvoloso;Normale;Buona;Ore Diurne;0;0;0;2;12.58625;41.86628;-1;2;Motociclo a solo;In marcia / fermata / arresto;Conducente;M;Illeso;0;;Esente;;
2538713;13;14/10/2015 15:15;Strada Urbana;VIALE DEI ROMAGNOLI;da specificare;;;;"in prossimità ""Cineland""";Tamponamento;Rettilineo;Due carreggiate;Asciutto;Asfaltata;Verticale ed orizzontale;Nuvoloso;Intenso;Buona;Ore Diurne;1;0;0;3;12.28495;41.74903;-1;1;Autovettura privata;In marcia / fermata / arresto;Conducente;M;Illeso;0;;Non accertato;Inesploso;
2538713;13;14/10/2015 15:15;Strada Urbana;VIALE DEI ROMAGNOLI;da specificare;;;;"in prossimità ""Cineland""";Tamponamento;Rettilineo;Due carreggiate;Asciutto;Asfaltata;Verticale ed orizzontale;Nuvoloso;Intenso;Buona;Ore Diurne;1;0;0;3;12.28495;41.74903;-1;1;Autovettura privata;In marcia / fermata / arresto;Passeggero;F;Illeso;0;;Non accertato;Inesploso;
2538713;13;14/10/2015 15:15;Strada Urbana;VIALE DEI ROMAGNOLI;da specificare;;;;"in prossimità ""Cineland""";Tamponamento;Rettilineo;Due carreggiate;Asciutto;Asfaltata;Verticale ed orizzontale;Nuvoloso;Intenso;Buona;Ore Diurne;1;0;0;3;12.28495;41.74903;-1;1;Autovettura privata;In marcia / fermata / arresto;Passeggero;F;Rimandato;0;NON DECEDUTO;;;
2538713;13;14/10/2015 15:15;Strada Urbana;VIALE DEI ROMAGNOLI;da specificare;;;;"in prossimità ""Cineland""";Tamponamento;Rettilineo;Due carreggiate;Asciutto;Asfaltata;Verticale ed orizzontale;Nuvoloso;Intenso;Buona;Ore Diurne;1;0;0;3;12.28495;41.74903;-1;2;Autovettura privata;In marcia / fermata / arresto;Conducente;F;Illeso;0;;Non accertato;Inesploso;
2538729;4;14/10/2015 08:40;Strada Urbana;VIA DELLE VIGNE NUOVE;da specificare;;;;in prossimità via Cervi;Infortunio per sola frenata improvvisa;Rettilineo;Due carreggiate;Bagnato (umidità in atto);Asfaltata;Orizzontale;Nuvoloso;Normale;Buona;Ore Diurne;1;0;0;0;12.53579;41.95549;-1;1;Motociclo a solo;In marcia / fermata / arresto;Conducente;M;Rifiuta cure immediate;0;NON DECEDUTO;Non accertato;;
2538732;7;14/10/2015 22:45;Strada Urbana;VIA POLENSE;in prossimità;;del civico n.;1815;;Veicolo in marcia contro ostacolo accidentale;Rettilineo;Una carreggiata a doppio senso;Bagnato (pioggia);Con buche;Verticale ed orizzontale;Nuvoloso;Scarso;Insufficiente;Inesistente;0;0;0;1;12.70292;41.89532;-1;1;Autovettura privata;In marcia / fermata / arresto;Conducente;M;Illeso;0;;Non accertato;Inesploso;
2538748;2;14/10/2015 19:00;Strada Urbana;VIALE ROMANIA;in prossimità;;del civico n.;37;;Veicolo in marcia contro veicolo in sosta;Rettilineo;Una carreggiata a doppio senso;Asciutto;Asfaltata;Verticale ed orizzontale;Nuvoloso;Normale;Buona;Sufficiente;0;0;0;1;12.49278;41.92447;-1;1;Autovettura privata;In marcia / fermata / arresto;Conducente;M;Illeso;0;;Non accertato;Inesploso;
2538749;18;14/10/2015 11:00;Strada Urbana;VIA DI CASALOTTI;all'intersezione con;VIA DI PANTAN MONASTERO;VIA DI PANTAN MONASTERO;;;Scontro laterale fra veicoli in marcia;Intersezione stradale segnalata;Una carreggiata a doppio senso;Asciutto;Asfaltata;Verticale ed orizzontale;Nuvoloso;Normale;Buona;Ore Diurne;0;0;0;2;12.35759;41.9203;-1;1;Autoarticolato;In marcia / fermata / arresto;Conducente;M;Illeso;0;;Non accertato;;
2538749;18;14/10/2015 11:00;Strada Urbana;VIA DI CASALOTTI;all'intersezione con;VIA DI PANTAN MONASTERO;VIA DI PANTAN MONASTERO;;;Scontro laterale fra veicoli in marcia;Intersezione stradale segnalata;Una carreggiata a doppio senso;Asciutto;Asfaltata;Verticale ed orizzontale;Nuvoloso;Normale;Buona;Ore Diurne;0;0;0;2;12.35759;41.9203;-1;2;Autovettura privata;In marcia / fermata / arresto;Conducente;F;Illeso;0;;Non accertato;Inesploso;
2538760;4;14/10/2015 16:55;Strada Urbana;VIA RAPAGNANO;in corrispondenza;;del civico n.;02-giu;;Veicolo in marcia contro veicolo fermo;Rettilineo;Una carreggiata a senso unico di marcia;Asciutto;Asfaltata;Verticale ed orizzontale;Nuvoloso;Normale;Buona;Ore Diurne;0;0;0;2;12.51325;41.98421;-1;1;Autobus di linea;In marcia / fermata / arresto;Conducente;M;Illeso;0;;Non accertato;;
2538760;4;14/10/2015 16:55;Strada Urbana;VIA RAPAGNANO;in corrispondenza;;del civico n.;02-giu;;Veicolo in marcia contro veicolo fermo;Rettilineo;Una carreggiata a senso unico di marcia;Asciutto;Asfaltata;Verticale ed orizzontale;Nuvoloso;Normale;Buona;Ore Diurne;0;0;0;2;12.51325;41.98421;-1;2;Autovettura privata;In marcia / fermata / arresto;Conducente;M;Illeso;0;;Non accertato;;
2538765;13;14/10/2015 09:55;Strada Urbana;VIA DEL CANALE DELLA LINGUA;da specificare;;;;"fronte distributore ""IP""";Tamponamento Multiplo;Rettilineo;Una carreggiata a doppio senso;Asciutto;Asfaltata;Assente;Nuvoloso;Normale;Buona;Ore Diurne;0;0;0;3;12.34033;41.74122;-1;1;Autocarro inferiore 35 q.;In marcia / fermata / arresto;Conducente;M;Illeso;0;;Non accertato;Inesploso;
2538765;13;14/10/2015 09:55;Strada Urbana;VIA DEL CANALE DELLA LINGUA;da specificare;;;;"fronte distributore ""IP""";Tamponamento Multiplo;Rettilineo;Una carreggiata a doppio senso;Asciutto;Asfaltata;Assente;Nuvoloso;Normale;Buona;Ore Diurne;0;0;0;3;12.34033;41.74122;-1;2;Autovettura privata;In marcia / fermata / arresto;Conducente;M;Illeso;0;;Non accertato;Inesploso;
2538765;13;14/10/2015 09:55;Strada Urbana;VIA DEL CANALE DELLA LINGUA;da specificare;;;;"fronte distributore ""IP""";Tamponamento Multiplo;Rettilineo;Una carreggiata a doppio senso;Asciutto;Asfaltata;Assente;Nuvoloso;Normale;Buona;Ore Diurne;0;0;0;3;12.34033;41.74122;-1;3;Autobus di linea;In marcia / fermata / arresto;Conducente;M;Illeso;0;;Non accertato;Inesploso;
2538769;20;15/10/2015 08:00;Regionale entro l'abitato;VIA CASSIA;all'intersezione con;VIA DELLA CERQUETTA;VIA DELLA CERQUETTA;;;Scontro frontale/laterale SX fra veicoli in marcia;Intersezione stradale segnalata;Una carreggiata a doppio senso;Asciutto;Asfaltata;Verticale ed orizzontale;Nuvoloso;Normale;Buona;Ore Diurne;0;0;0;2;12.37668;42.01703;-1;1;Autovettura privata;In marcia / fermata / arresto;Conducente;F;Illeso;0;;Non accertato;Inesploso;
2538769;20;15/10/2015 08:00;Regionale entro l'abitato;VIA CASSIA;all'intersezione con;VIA DELLA CERQUETTA;VIA DELLA CERQUETTA;;;Scontro frontale/laterale SX fra veicoli in marcia;Intersezione stradale segnalata;Una carreggiata a doppio senso;Asciutto;Asfaltata;Verticale ed orizzontale;Nuvoloso;Normale;Buona;Ore Diurne;0;0;0;2;12.37668;42.01703;-1;2;Motociclo a solo;In marcia / fermata / arresto;Conducente;M;Illeso;0;;Non accertato;;
2538775;7;14/10/2015 23:40;Strada Urbana;VIA POLENSE;in prossimità;;del civico n.;1815;;Veicolo in marcia contro ostacolo accidentale;Rettilineo;Una carreggiata a doppio senso;Bagnato (pioggia);Con buche;Verticale ed orizzontale;Nuvoloso;Scarso;Insufficiente;Inesistente;0;0;0;2;12.70292;41.89532;-1;1;Autovettura privata;In marcia / fermata / arresto;Conducente;M;Illeso;0;;Non accertato;Inesploso;
2538775;7;14/10/2015 23:40;Strada Urbana;VIA POLENSE;in prossimità;;del civico n.;1815;;Veicolo in marcia contro ostacolo accidentale;Rettilineo;Una carreggiata a doppio senso;Bagnato (pioggia);Con buche;Verticale ed orizzontale;Nuvoloso;Scarso;Insufficiente;Inesistente;0;0;0;2;12.70292;41.89532;-1;1;Autovettura privata;In marcia / fermata / arresto;Passeggero;M;Illeso;0;;Non accertato;Inesploso;
2538780;17;14/10/2015 23:20;Strada Urbana;VIA ORAZIO;all'intersezione con;VIA BOEZIO;VIA BOEZIO;;;Scontro frontale/laterale DX fra veicoli in marcia;Intersezione stradale segnalata;Una carreggiata a senso unico di marcia;Asciutto;In cubetti di porfido;Verticale ed orizzontale;Nuvoloso;Scarso;Sufficiente;Sufficiente;2;0;0;1;12.46657;41.9068;-1;1;Autovettura privata;In marcia / fermata / arresto;Conducente;F;Rifiuta cure immediate;0;NON DECEDUTO;;;
2538780;17;14/10/2015 23:20;Strada Urbana;VIA ORAZIO;all'intersezione con;VIA BOEZIO;VIA BOEZIO;;;Scontro frontale/laterale DX fra veicoli in marcia;Intersezione stradale segnalata;Una carreggiata a senso unico di marcia;Asciutto;In cubetti di porfido;Verticale ed orizzontale;Nuvoloso;Scarso;Sufficiente;Sufficiente;2;0;0;1;12.46657;41.9068;-1;2;Quadriciclo leggero;In marcia / fermata / arresto;Conducente;M;Rifiuta cure immediate;0;NON DECEDUTO;;;
2538780;17;14/10/2015 23:20;Strada Urbana;VIA ORAZIO;all'intersezione con;VIA BOEZIO;VIA BOEZIO;;;Scontro frontale/laterale DX fra veicoli in marcia;Intersezione stradale segnalata;Una carreggiata a senso unico di marcia;Asciutto;In cubetti di porfido;Verticale ed orizzontale;Nuvoloso;Scarso;Sufficiente;Sufficiente;2;0;0;1;12.46657;41.9068;-1;2;Quadriciclo leggero;In marcia / fermata / arresto;Passeggero;M;Illeso;0;;;;
2538801;13;15/10/2015 04:15;Strada Urbana;VIA TANCREDI CHIARALUCE;in prossimità;;del civico n.;71;;Scontro frontale/laterale DX fra veicoli in marcia;Curva senza visuale libera;Una carreggiata a doppio senso;Bagnato (pioggia);Asfaltata;Orizzontale;Nuvoloso;Normale;Sufficiente;Sufficiente;3;0;0;0;12.2639;41.74062;-1;1;Autovettura privata;In marcia / fermata / arresto;Conducente;M;Rimandato;0;NON DECEDUTO;Non accertato;Inesploso;
2538801;13;15/10/2015 04:15;Strada Urbana;VIA TANCREDI CHIARALUCE;in prossimità;;del civico n.;71;;Scontro frontale/laterale DX fra veicoli in marcia;Curva senza visuale libera;Una carreggiata a doppio senso;Bagnato (pioggia);Asfaltata;Orizzontale;Nuvoloso;Normale;Sufficiente;Sufficiente;3;0;0;0;12.2639;41.74062;-1;2;Autovettura privata;In marcia / fermata / arresto;Conducente;M;Rimandato;0;NON DECEDUTO;Non accertato;Inesploso;
2538801;13;15/10/2015 04:15;Strada Urbana;VIA TANCREDI CHIARALUCE;in prossimità;;del civico n.;71;;Scontro frontale/laterale DX fra veicoli in marcia;Curva senza visuale libera;Una carreggiata a doppio senso;Bagnato (pioggia);Asfaltata;Orizzontale;Nuvoloso;Normale;Sufficiente;Sufficiente;3;0;0;0;12.2639;41.74062;-1;2;Autovettura privata;In marcia / fermata / arresto;Passeggero;M;Rimandato;0;NON DECEDUTO;Non accertato;Inesploso;
2538805;6;15/10/2015 08:55;Strada Urbana;VIA PRENESTINA;in corrispondenza;;del civico n.;320;;Scontro frontale/laterale SX fra veicoli in marcia;Rettilineo;Più di due carreggiate;Bagnato (pioggia);Asfaltata;Orizzontale;Nuvoloso;Normale;Buona;Ore Diurne;2;0;0;1;12.55162;41.89376;-1;1;Motociclo a solo;In marcia / fermata / arresto;Conducente;M;Rimandato;0;NON DECEDUTO;Non accertato;;
2538805;6;15/10/2015 08:55;Strada Urbana;VIA PRENESTINA;in corrispondenza;;del civico n.;320;;Scontro frontale/laterale SX fra veicoli in marcia;Rettilineo;Più di due carreggiate;Bagnato (pioggia);Asfaltata;Orizzontale;Nuvoloso;Normale;Buona;Ore Diurne;2;0;0;1;12.55162;41.89376;-1;1;Motociclo a solo;In marcia / fermata / arresto;Passeggero;F;Illeso;0;;Non accertato;;
2538805;6;15/10/2015 08:55;Strada Urbana;VIA PRENESTINA;in corrispondenza;;del civico n.;320;;Scontro frontale/laterale SX fra veicoli in marcia;Rettilineo;Più di due carreggiate;Bagnato (pioggia);Asfaltata;Orizzontale;Nuvoloso;Normale;Buona;Ore Diurne;2;0;0;1;12.55162;41.89376;-1;2;Velocipede;In marcia / fermata / arresto;Conducente;F;Rimandato;0;NON DECEDUTO;Esente;;
2538808;15;15/10/2015 09:00;Strada Urbana;VIA PORTUENSE;all'intersezione semaforizzata con;VIA DELLA CASETTA MATTEI;VIA DELLA CASETTA MATTEI;;;Tamponamento;Intersezione semaforizzata;Una carreggiata a doppio senso;Asciutto;Asfaltata;Verticale ed orizzontale;Nuvoloso;Normale;Buona;Ore Diurne;0;0;0;2;12.40939;41.84342;-1;1;Autovettura privata;In marcia / fermata / arresto;Conducente;M;Illeso;0;;Utilizzato;Inesploso;
2538808;15;15/10/2015 09:00;Strada Urbana;VIA PORTUENSE;all'intersezione semaforizzata con;VIA DELLA CASETTA MATTEI;VIA DELLA CASETTA MATTEI;;;Tamponamento;Intersezione semaforizzata;Una carreggiata a doppio senso;Asciutto;Asfaltata;Verticale ed orizzontale;Nuvoloso;Normale;Buona;Ore Diurne;0;0;0;2;12.40939;41.84342;-1;2;Autovettura privata;In marcia / fermata / arresto;Conducente;M;Illeso;0;;Utilizzato;Inesploso;
2538884;12;14/10/2015 22:00;Strada Urbana;VIA DELLA CECCHIGNOLA;all'intersezione con;VIA GIOVANNI KOBLER;VIA GIOVANNI KOBLER;;;Scontro frontale fra veicoli in marcia;Incrocio;Una carreggiata a doppio senso;Bagnato (pioggia);Asfaltata;Verticale ed orizzontale;Pioggia in atto;Normale;Sufficiente;Sufficiente;2;0;0;0;12.50721;41.80322;-1;1;Autovettura privata;In marcia / fermata / arresto;Conducente;M;Rimandato;0;NON DECEDUTO;Utilizzato;Inesploso;
2538884;12;14/10/2015 22:00;Strada Urbana;VIA DELLA CECCHIGNOLA;all'intersezione con;VIA GIOVANNI KOBLER;VIA GIOVANNI KOBLER;;;Scontro frontale fra veicoli in marcia;Incrocio;Una carreggiata a doppio senso;Bagnato (pioggia);Asfaltata;Verticale ed orizzontale;Pioggia in atto;Normale;Sufficiente;Sufficiente;2;0;0;0;12.50721;41.80322;-1;2;Autovettura privata;In marcia / fermata / arresto;Conducente;M;Rimandato;0;NON DECEDUTO;Utilizzato;Inesistente;
2538923;16;14/10/2015 07:35;Strada Urbana;VIA AURELIA ANTICA;in prossimità;;del civico n.;f.c. 286;;Scontro laterale fra veicoli in marcia;Rettilineo;Una carreggiata a doppio senso;Bagnato (umidità in atto);Asfaltata;Verticale ed orizzontale;Nuvoloso;Normale;Buona;Ore Diurne;0;0;0;4;12.43603;41.89005;-1;1;Autovettura privata;In marcia / fermata / arresto;Conducente;M;Illeso;0;;Non accertato;Inesploso;
2538923;16;14/10/2015 07:35;Strada Urbana;VIA AURELIA ANTICA;in prossimità;;del civico n.;f.c. 286;;Scontro laterale fra veicoli in marcia;Rettilineo;Una carreggiata a doppio senso;Bagnato (umidità in atto);Asfaltata;Verticale ed orizzontale;Nuvoloso;Normale;Buona;Ore Diurne;0;0;0;4;12.43603;41.89005;-1;1;Autovettura privata;In marcia / fermata / arresto;Passeggero;F;Illeso;0;;Non accertato;Inesploso;
2538923;16;14/10/2015 07:35;Strada Urbana;VIA AURELIA ANTICA;in prossimità;;del civico n.;f.c. 286;;Scontro laterale fra veicoli in marcia;Rettilineo;Una carreggiata a doppio senso;Bagnato (umidità in atto);Asfaltata;Verticale ed orizzontale;Nuvoloso;Normale;Buona;Ore Diurne;0;0;0;4;12.43603;41.89005;-1;2;Autovettura privata;In marcia / fermata / arresto;Conducente;M;Illeso;0;;Non accertato;Inesploso;
2538923;16;14/10/2015 07:35;Strada Urbana;VIA AURELIA ANTICA;in prossimità;;del civico n.;f.c. 286;;Scontro laterale fra veicoli in marcia;Rettilineo;Una carreggiata a doppio senso;Bagnato (umidità in atto);Asfaltata;Verticale ed orizzontale;Nuvoloso;Normale;Buona;Ore Diurne;0;0;0;4;12.43603;41.89005;-1;2;Autovettura privata;In marcia / fermata / arresto;Passeggero;F;Illeso;0;;Non accertato;Inesploso;
2539033;17;15/10/2015 10:30;Strada Urbana;VIA MARIO AMATO;da specificare;;;;prossimità Via Varisco;Scontro laterale fra veicoli in marcia;Rettilineo;Una carreggiata a senso unico di marcia;Asciutto;Asfaltata;Verticale ed orizzontale;Sereno;Scarso;Buona;Ore Diurne;0;0;0;3;12.45141;41.91512;-1;1;Autovettura di polizia;In marcia / fermata / arresto;Conducente;F;Illeso;0;;Non accertato;Inesploso;
2539033;17;15/10/2015 10:30;Strada Urbana;VIA MARIO AMATO;da specificare;;;;prossimità Via Varisco;Scontro laterale fra veicoli in marcia;Rettilineo;Una carreggiata a senso unico di marcia;Asciutto;Asfaltata;Verticale ed orizzontale;Sereno;Scarso;Buona;Ore Diurne;0;0;0;3;12.45141;41.91512;-1;1;Autovettura di polizia;In marcia / fermata / arresto;Passeggero;M;Illeso;0;;Non accertato;Inesploso;
2539033;17;15/10/2015 10:30;Strada Urbana;VIA MARIO AMATO;da specificare;;;;prossimità Via Varisco;Scontro laterale fra veicoli in marcia;Rettilineo;Una carreggiata a senso unico di marcia;Asciutto;Asfaltata;Verticale ed orizzontale;Sereno;Scarso;Buona;Ore Diurne;0;0;0;3;12.45141;41.91512;-1;2;Autovettura privata;In marcia / fermata / arresto;Conducente;M;Illeso;0;;Non accertato;Inesploso;
2539048;9;15/10/2015 07:30;Strada Urbana;VIA ETRURIA;all'intersezione con;VIA POMEZIA;VIA POMEZIA;;;Scontro frontale/laterale SX fra veicoli in marcia;Incrocio;Una carreggiata a senso unico di marcia;Asciutto;Asfaltata;Verticale ed orizzontale;Sereno;Normale;Buona;Ore Diurne;0;0;0;3;12.5112;41.87941;-1;1;Autovettura privata;In marcia / fermata / arresto;Conducente;M;Illeso;0;;Non accertato;Inesploso;
2539048;9;15/10/2015 07:30;Strada Urbana;VIA ETRURIA;all'intersezione con;VIA POMEZIA;VIA POMEZIA;;;Scontro frontale/laterale SX fra veicoli in marcia;Incrocio;Una carreggiata a senso unico di marcia;Asciutto;Asfaltata;Verticale ed orizzontale;Sereno;Normale;Buona;Ore Diurne;0;0;0;3;12.5112;41.87941;-1;1;Autovettura privata;In marcia / fermata / arresto;Passeggero;F;Illeso;0;;Non accertato;Inesploso;
2539048;9;15/10/2015 07:30;Strada Urbana;VIA ETRURIA;all'intersezione con;VIA POMEZIA;VIA POMEZIA;;;Scontro frontale/laterale SX fra veicoli in marcia;Incrocio;Una carreggiata a senso unico di marcia;Asciutto;Asfaltata;Verticale ed orizzontale;Sereno;Normale;Buona;Ore Diurne;0;0;0;3;12.5112;41.87941;-1;2;Autovettura privata;In marcia / fermata / arresto;Conducente;M;Illeso;0;;Non accertato;Inesploso;
2539051;11;15/10/2015 10:30;Strada Urbana;VIA CRISTOFORO COLOMBO;all'intersezione semaforizzata con;VIA GIOVANNI GENOCCHI;VIA GIOVANNI GENOCCHI;;;Scontro frontale/laterale DX fra veicoli in marcia;Incrocio;Più di due carreggiate;Asciutto;Asfaltata;Verticale ed orizzontale;Nuvoloso;Normale;Buona;Ore Diurne;1;0;0;2;12.49612;41.85867;-1;1;Autovettura privata;In marcia / fermata / arresto;Conducente;F;Illeso;0;;Non accertato;;
2539051;11;15/10/2015 10:30;Strada Urbana;VIA CRISTOFORO COLOMBO;all'intersezione semaforizzata con;VIA GIOVANNI GENOCCHI;VIA GIOVANNI GENOCCHI;;;Scontro frontale/laterale DX fra veicoli in marcia;Incrocio;Più di due carreggiate;Asciutto;Asfaltata;Verticale ed orizzontale;Nuvoloso;Normale;Buona;Ore Diurne;1;0;0;2;12.49612;41.85867;-1;1;Autovettura privata;In marcia / fermata / arresto;Passeggero;M;Rimandato;0;NON DECEDUTO;Non accertato;;
2539051;11;15/10/2015 10:30;Strada Urbana;VIA CRISTOFORO COLOMBO;all'intersezione semaforizzata con;VIA GIOVANNI GENOCCHI;VIA GIOVANNI GENOCCHI;;;Scontro frontale/laterale DX fra veicoli in marcia;Incrocio;Più di due carreggiate;Asciutto;Asfaltata;Verticale ed orizzontale;Nuvoloso;Normale;Buona;Ore Diurne;1;0;0;2;12.49612;41.85867;-1;2;Autovettura privata;In marcia / fermata / arresto;Conducente;M;Illeso;0;;Non accertato;Inesploso;
2539058;16;14/10/2015 09:00;Strada Urbana;VIA FRATELLI BONNET;all'intersezione con;VIALE DELLE MURA GIANICOLENSI;VIALE DELLE MURA GIANICOLENSI;;;Scontro frontale/laterale DX fra veicoli in marcia;Incrocio;Due carreggiate;Asciutto;Asfaltata;Verticale ed orizzontale;Sereno;Normale;Buona;Ore Diurne;1;0;0;1;12.45999;41.8852;-1;1;Motociclo a solo;In marcia / fermata / arresto;Conducente;M;Rimandato;0;NON DECEDUTO;Non accertato;;
2539058;16;14/10/2015 09:00;Strada Urbana;VIA FRATELLI BONNET;all'intersezione con;VIALE DELLE MURA GIANICOLENSI;VIALE DELLE MURA GIANICOLENSI;;;Scontro frontale/laterale DX fra veicoli in marcia;Incrocio;Due carreggiate;Asciutto;Asfaltata;Verticale ed orizzontale;Sereno;Normale;Buona;Ore Diurne;1;0;0;1;12.45999;41.8852;-1;2;Autovettura privata;In marcia / fermata / arresto;Conducente;M;Illeso;0;;Non accertato;Inesploso;
2539065;18;14/10/2015 22:15;Strada Urbana;PIAZZA DI VILLA CARPEGNA;da specificare;;;;altezza ingresso Villa;Scontro laterale fra veicoli in marcia;Rettilineo;Più di due carreggiate;Asciutto;Asfaltata;Verticale ed orizzontale;Nuvoloso;Normale;Buona;Ore Diurne;1;0;0;1;12.42956;41.89544;-1;1;Autovettura privata;In marcia / fermata / arresto;Conducente;M;Illeso;0;;Non accertato;Inesploso;
2539065;18;14/10/2015 22:15;Strada Urbana;PIAZZA DI VILLA CARPEGNA;da specificare;;;;altezza ingresso Villa;Scontro laterale fra veicoli in marcia;Rettilineo;Più di due carreggiate;Asciutto;Asfaltata;Verticale ed orizzontale;Nuvoloso;Normale;Buona;Ore Diurne;1;0;0;1;12.42956;41.89544;-1;2;Motociclo a solo;In marcia / fermata / arresto;Conducente;M;Rifiuta cure immediate;0;NON DECEDUTO;Non accertato;;
2539129;16;14/10/2015 19:15;Strada Urbana;VIALE DEI COLLI PORTUENSI;in corrispondenza;;del civico n.;51;;Scontro frontale/laterale SX fra veicoli in marcia;Rettilineo;Due carreggiate;Asciutto;Asfaltata;Verticale ed orizzontale;Sereno;Normale;Sufficiente;Sufficiente;0;0;0;3;12.4433;41.87564;-1;1;Autovettura privata;In marcia / fermata / arresto;Conducente;M;Illeso;0;;Non accertato;;
2539129;16;14/10/2015 19:15;Strada Urbana;VIALE DEI COLLI PORTUENSI;in corrispondenza;;del civico n.;51;;Scontro frontale/laterale SX fra veicoli in marcia;Rettilineo;Due carreggiate;Asciutto;Asfaltata;Verticale ed orizzontale;Sereno;Normale;Sufficiente;Sufficiente;0;0;0;3;12.4433;41.87564;-1;1;Autovettura privata;In marcia / fermata / arresto;Passeggero;M;Illeso;0;;Non accertato;;
2539129;16;14/10/2015 19:15;Strada Urbana;VIALE DEI COLLI PORTUENSI;in corrispondenza;;del civico n.;51;;Scontro frontale/laterale SX fra veicoli in marcia;Rettilineo;Due carreggiate;Asciutto;Asfaltata;Verticale ed orizzontale;Sereno;Normale;Sufficiente;Sufficiente;0;0;0;3;12.4433;41.87564;-1;2;Autovettura privata;In marcia / fermata / arresto;Conducente;M;Illeso;0;;Non accertato;;
2539145;23;13/10/2015 09:40;Comunale extraurbana;VIA CRISTOFORO COLOMBO;all'intersezione con;VIA DI ACILIA;VIA DI ACILIA;;;Scontro laterale fra veicoli in marcia;Intersezione semaforizzata;Più di due carreggiate;Bagnato (pioggia);Asfaltata;Verticale ed orizzontale;Pioggia in atto;Normale;Buona;Ore Diurne;0;0;0;3;12.38326;41.76519;-1;1;Autocarro inferiore 35 q.;In marcia / fermata / arresto;Conducente;M;Illeso;0;;Non accertato;Inesistente;
2539145;23;13/10/2015 09:40;Comunale extraurbana;VIA CRISTOFORO COLOMBO;all'intersezione con;VIA DI ACILIA;VIA DI ACILIA;;;Scontro laterale fra veicoli in marcia;Intersezione semaforizzata;Più di due carreggiate;Bagnato (pioggia);Asfaltata;Verticale ed orizzontale;Pioggia in atto;Normale;Buona;Ore Diurne;0;0;0;3;12.38326;41.76519;-1;2;Autovettura privata;In marcia / fermata / arresto;Conducente;F;Illeso;0;;Non accertato;Inesploso;