Protocollo;Gruppo;DataOraIncidente;Localizzazione1;STRADA1;Localizzazione2;STRADA2;Strada02;Chilometrica;DaSpecificare;NaturaIncidente;particolaritastrade;TipoStrada;FondoStradale;Pavimentazione;Segnaletica;CondizioneAtmosferica;Traffico;Visibilita;Illuminazione;NUM_FERITI;NUM_RISERVATA;NUM_MORTI;NUM_ILLESI;Longitudine;Latitudine;Confermato;Progressivo;TipoVeicolo;StatoVeicolo;TipoPersona;Sesso;Tipolesione;Deceduto;DecedutoDopo;CinturaCascoUtilizzato;Airbag;
2548417;13;21/10/2015 19:25;Strada Urbana;VIA BEPI ROMAGNONI;all'intersezione con;VIA TANCREDI PARMEGGIANI;VIA TANCREDI PARMEGGIANI;;;Scontro frontale fra veicoli in marcia;Incrocio;Una carreggiata a senso unico di marcia;Asciutto;Asfaltata;Verticale;Nuvoloso;Scarso;Buona;Sufficiente;1;0;0;1;12.34524;41.77626;-1;1;Autovettura privata;In marcia / fermata / arresto;Conducente;M;Rimandato;0;NON DECEDUTO;;;
2548417;13;21/10/2015 19:25;Strada Urbana;VIA BEPI ROMAGNONI;all'intersezione con;VIA TANCREDI PARMEGGIANI;VIA TANCREDI PARMEGGIANI;;;Scontro frontale fra veicoli in marcia;Incrocio;Una carreggiata a senso unico di marcia;Asciutto;Asfaltata;Verticale;Nuvoloso;Scarso;Buona;Sufficiente;1;0;0;1;12.34524;41.77626;-1;2;Autovettura privata;In marcia / fermata / arresto;Conducente;F;Illeso;0;;;;
2548425;8;21/10/2015 20:00;Statale entro l'abitato;VIA CASILINA;da specificare;;;;prox fronte civico 1573 dir fuori Roma;Tamponamento;Rettilineo;Una carreggiata a senso unico di marcia;Bagnato (pioggia);Asfaltata;Verticale ed orizzontale;Pioggia in atto;Intenso;Sufficiente;Sufficiente;0;1;0;1;12.63165;41.86296;-1;1;Autovettura privata;In marcia / fermata / arresto;Conducente;F;Illeso;0;;Non accertato;Inesploso;
2548425;8;21/10/2015 20:00;Statale entro l'abitato;VIA CASILINA;da specificare;;;;prox fronte civico 1573 dir fuori Roma;Tamponamento;Rettilineo;Una carreggiata a senso unico di marcia;Bagnato (pioggia);Asfaltata;Verticale ed orizzontale;Pioggia in atto;Intenso;Sufficiente;Sufficiente;0;1;0;1;12.63165;41.86296;-1;2;Motociclo a solo;In marcia / fermata / arresto;Conducente;M;Prognosi riservata;0;NON DECEDUTO;Non accertato;;
2548450;20;20/10/2015 17:15;Strada Urbana;VIA DI BACCANELLO;in corrispondenza;;del civico n.;332;;Scontro laterale fra veicoli in marcia;Rettilineo;Una carreggiata a doppio senso;Asciutto;Asfaltata;Verticale ed orizzontale;Nuvoloso;Normale;Buona;Ore Diurne;0;0;0;2;12.33693;42.06858;-1;1;Autovettura privata;In marcia / fermata / arresto;Conducente;M;Illeso;0;;;;
2548450;20;20/10/2015 17:15;Strada Urbana;VIA DI BACCANELLO;in corrispondenza;;del civico n.;332;;Scontro laterale fra veicoli in marcia;Rettilineo;Una carreggiata a doppio senso;Asciutto;Asfaltata;Verticale ed orizzontale;Nuvoloso;Normale;Buona;Ore Diurne;0;0;0;2;12.33693;42.06858;-1;2;Autovettura privata;In marcia / fermata / arresto;Conducente;M;Illeso;0;;;;
2548457;4;21/10/2015 09:45;Strada Urbana;VIA PERALBA;in corrispondenza;;del civico n.;6;;Veicolo in marcia contro veicolo fermo;Rettilineo;Una carreggiata a senso unico di marcia;Asciutto;Asfaltata;Verticale ed orizzontale;Nuvoloso;Normale;Buona;Ore Diurne;0;0;0;4;12.53406;41.93835;-1;1;Autovettura privata;In marcia / fermata / arresto;Conducente;F;Illeso;0;;;;
2548457;4;21/10/2015 09:45;Strada Urbana;VIA PERALBA;in corrispondenza;;del civico n.;6;;Veicolo in marcia contro veicolo fermo;Rettilineo;Una carreggiata a senso unico di marcia;Asciutto;Asfaltata;Verticale ed orizzontale;Nuvoloso;Normale;Buona;Ore Diurne;0;0;0;4;12.53406;41.93835;-1;1;Autovettura privata;In marcia / fermata / arresto;Passeggero;M;Illeso;0;;;;
2548457;4;21/10/2015 09:45;Strada Urbana;VIA PERALBA;in corrispondenza;;del civico n.;6;;Veicolo in marcia contro veicolo fermo;Rettilineo;Una carreggiata a senso unico di marcia;Asciutto;Asfaltata;Verticale ed orizzontale;Nuvoloso;Normale;Buona;Ore Diurne;0;0;0;4;12.53406;41.93835;-1;2;Autocarro inferiore 35 q.;In marcia / fermata / arresto;Conducente;M;Illeso;0;;;;
2548457;4;21/10/2015 09:45;Strada Urbana;VIA PERALBA;in corrispondenza;;del civico n.;6;;Veicolo in marcia contro veicolo fermo;Rettilineo;Una carreggiata a senso unico di marcia;Asciutto;Asfaltata;Verticale ed orizzontale;Nuvoloso;Normale;Buona;Ore Diurne;0;0;0;4;12.53406;41.93835;-1;2;Autocarro inferiore 35 q.;In marcia / fermata / arresto;Passeggero;M;Illeso;0;;;;
2548463;4;21/10/2015 13:50;Strada Urbana;VIA SALARIA;in prossimità;;del civico n.;665;;Scontro laterale fra veicoli in marcia;Curva a visuale libera;Una carreggiata a senso unico di marcia;Asciutto;Asfaltata;Verticale;Sereno;Normale;Buona;Ore Diurne;0;0;0;2;12.55897;42.02576;-1;1;Autovettura privata;In marcia / fermata / arresto;Conducente;M;Illeso;0;;Non accertato;Inesistente;
2548463;4;21/10/2015 13:50;Strada Urbana;VIA SALARIA;in prossimità;;del civico n.;665;;Scontro laterale fra veicoli in marcia;Curva a visuale libera;Una carreggiata a senso unico di marcia;Asciutto;Asfaltata;Verticale;Sereno;Normale;Buona;Ore Diurne;0;0;0;2;12.55897;42.02576;-1;2;Autovettura privata;In marcia / fermata / arresto;Conducente;M;Illeso;0;;Non accertato;Inesistente;
2548471;20;21/10/2015 15:50;Regionale;VIA CASSIA;in prossimità;;del civico n.;1803;;Tamponamento;Rettilineo;Una carreggiata a doppio senso;Asciutto;Asfaltata;Orizzontale;Nuvoloso;Normale;Buona;Ore Diurne;0;0;0;4;12.37717;42.01302;-1;1;Autovettura privata;In marcia / fermata / arresto;Conducente;M;Illeso;0;;;;
2548471;20;21/10/2015 15:50;Regionale;VIA CASSIA;in prossimità;;del civico n.;1803;;Tamponamento;Rettilineo;Una carreggiata a doppio senso;Asciutto;Asfaltata;Orizzontale;Nuvoloso;Normale;Buona;Ore Diurne;0;0;0;4;12.37717;42.01302;-1;1;Autovettura privata;In marcia / fermata / arresto;Passeggero;M;Illeso;0;;;;
2548471;20;21/10/2015 15:50;Regionale;VIA CASSIA;in prossimità;;del civico n.;1803;;Tamponamento;Rettilineo;Una carreggiata a doppio senso;Asciutto;Asfaltata;Orizzontale;Nuvoloso;Normale;Buona;Ore Diurne;0;0;0;4;12.37717;42.01302;-1;2;Autovettura privata;In marcia / fermata / arresto;Conducente;F;Illeso;0;;;;
2548471;20;21/10/2015 15:50;Regionale;VIA CASSIA;in prossimità;;del civico n.;1803;;Tamponamento;Rettilineo;Una carreggiata a doppio senso;Asciutto;Asfaltata;Orizzontale;Nuvoloso;Normale;Buona;Ore Diurne;0;0;0;4;12.37717;42.01302;-1;2;Autovettura privata;In marcia / fermata / arresto;Passeggero;F;Illeso;0;;;;
2548474;4;21/10/2015 10:00;Strada Urbana;VIA ETTORE ROMAGNOLI;da specificare;;;;PROSSIMITA' VIA NOMENTANA;Scontro laterale fra veicoli in marcia;Rettilineo;Due carreggiate;Asciutto;Asfaltata;Orizzontale;Nuvoloso;Normale;Buona;Ore Diurne;0;0;0;3;12.54684;41.94114;-1;1;Autovettura privata;In marcia / fermata / arresto;Conducente;M;Illeso;0;;Non accertato;Inesploso;
2548474;4;21/10/2015 10:00;Strada Urbana;VIA ETTORE ROMAGNOLI;da specificare;;;;PROSSIMITA' VIA NOMENTANA;Scontro laterale fra veicoli in marcia;Rettilineo;Due carreggiate;Asciutto;Asfaltata;Orizzontale;Nuvoloso;Normale;Buona;Ore Diurne;0;0;0;3;12.54684;41.94114;-1;2;Autovettura privata;In marcia / fermata / arresto;Conducente;M;Illeso;0;;Non accertato;Inesploso;
2548474;4;21/10/2015 10:00;Strada Urbana;VIA ETTORE ROMAGNOLI;da specificare;;;;PROSSIMITA' VIA NOMENTANA;Scontro laterale fra veicoli in marcia;Rettilineo;Due carreggiate;Asciutto;Asfaltata;Orizzontale;Nuvoloso;Normale;Buona;Ore Diurne;0;0;0;3;12.54684;41.94114;-1;2;Autovettura privata;In marcia / fermata / arresto;Passeggero;M;Illeso;0;;Non accertato;Inesploso;
2548475;4;22/10/2015 08:50;Statale;VIA SALARIA;da specificare;;;;G.R.A.;Tamponamento Multiplo;Rettilineo;Due carreggiate;Asciutto;Asfaltata;Verticale ed orizzontale;Sereno;Normale;Buona;Ore Diurne;0;0;0;3;12.55897;42.02576;-1;1;Autocarro inferiore 35 q.;In marcia / fermata / arresto;Conducente;M;Illeso;0;;Non accertato;Inesploso;
2548475;4;22/10/2015 08:50;Statale;VIA SALARIA;da specificare;;;;G.R.A.;Tamponamento Multiplo;Rettilineo;Due carreggiate;Asciutto;Asfaltata;Verticale ed orizzontale;Sereno;Normale;Buona;Ore Diurne;0;0;0;3;12.55897;42.02576;-1;2;Velocipede;In marcia / fermata / arresto;Conducente;M;Illeso;0;;Esente;;
2548475;4;22/10/2015 08:50;Statale;VIA SALARIA;da specificare;;;;G.R.A.;Tamponamento Multiplo;Rettilineo;Due carreggiate;Asciutto;Asfaltata;Verticale ed orizzontale;Sereno;Normale;Buona;Ore Diurne;0;0;0;3;12.55897;42.02576;-1;3;Velocipede;In marcia / fermata / arresto;Conducente;M;Illeso;0;;Esente;;
2548486;4;21/10/2015 12:30;Strada Urbana;VIA LUIGI CAPUANA;in corrispondenza;;del civico n.;30;;Veicolo in marcia contro veicolo arresto;Rettilineo;Due carreggiate;Asciutto;Asfaltata;Verticale ed orizzontale;Nuvoloso;Scarso;Buona;Ore Diurne;0;0;0;2;12.54755;41.94546;-1;1;Autovettura privata;In marcia / fermata / arresto;Conducente;M;Illeso;0;;;;
2548486;4;21/10/2015 12:30;Strada Urbana;VIA LUIGI CAPUANA;in corrispondenza;;del civico n.;30;;Veicolo in marcia contro veicolo arresto;Rettilineo;Due carreggiate;Asciutto;Asfaltata;Verticale ed orizzontale;Nuvoloso;Scarso;Buona;Ore Diurne;0;0;0;2;12.54755;41.94546;-1;2;Autovettura privata;In marcia / fermata / arresto;Conducente;M;Illeso;0;;;;
2548498;12;21/10/2015 18:30;Strada Urbana;VIALE DEL PATTINAGGIO;da specificare;;;;prox via C. Colombo;Scontro laterale fra veicoli in marcia;Curva a visuale libera;Una carreggiata a senso unico di marcia;Asciutto;Asfaltata;Orizzontale;Nuvoloso;Normale;Buona;Ore Diurne;0;0;0;2;12.47196;41.8417;-1;1;Autovettura privata;In marcia / fermata / arresto;Conducente;F;Illeso;0;;Utilizzato;Inesploso;
2548498;12;21/10/2015 18:30;Strada Urbana;VIALE DEL PATTINAGGIO;da specificare;;;;prox via C. Colombo;Scontro laterale fra veicoli in marcia;Curva a visuale libera;Una carreggiata a senso unico di marcia;Asciutto;Asfaltata;Orizzontale;Nuvoloso;Normale;Buona;Ore Diurne;0;0;0;2;12.47196;41.8417;-1;2;Autovettura privata;In marcia / fermata / arresto;Conducente;M;Illeso;0;;Utilizzato;Inesploso;
2548510;1;22/10/2015 08:00;Strada Urbana;PIAZZA DELL'INDIPENDENZA;all'intersezione semaforizzata con;VIA SAN MARTINO DELLA BATTAGLIA;VIA SAN MARTINO DELLA BATTAGLIA;;;Scontro laterale fra veicoli in marcia;Intersezione semaforizzata;Più di due carreggiate;Asciutto;Asfaltata;Verticale ed orizzontale;Sereno;Normale;Buona;Ore Diurne;0;0;0;2;12.50314;41.90476;-1;1;Autovettura privata;In marcia / fermata / arresto;Conducente;F;Illeso;0;;Non accertato;Inesploso;
2548510;1;22/10/2015 08:00;Strada Urbana;PIAZZA DELL'INDIPENDENZA;all'intersezione semaforizzata con;VIA SAN MARTINO DELLA BATTAGLIA;VIA SAN MARTINO DELLA BATTAGLIA;;;Scontro laterale fra veicoli in marcia;Intersezione semaforizzata;Più di due carreggiate;Asciutto;Asfaltata;Verticale ed orizzontale;Sereno;Normale;Buona;Ore Diurne;0;0;0;2;12.50314;41.90476;-1;2;Autocarro inferiore 35 q.;In marcia / fermata / arresto;Conducente;M;Illeso;0;;Non accertato;Inesploso;
2548511;20;21/10/2015 17:35;Strada Urbana;VIA VIBIO MARIANO;in prossimità;;del civico n.;88;;Scontro frontale fra veicoli in marcia;Rettilineo;Una carreggiata a doppio senso;Asciutto;Asfaltata;Orizzontale;Nuvoloso;Scarso;Buona;Ore Diurne;0;0;0;2;12.44763;41.96779;-1;1;Motociclo a solo;In marcia / fermata / arresto;Conducente;M;Illeso;0;;;;
2548511;20;21/10/2015 17:35;Strada Urbana;VIA VIBIO MARIANO;in prossimità;;del civico n.;88;;Scontro frontale fra veicoli in marcia;Rettilineo;Una carreggiata a doppio senso;Asciutto;Asfaltata;Orizzontale;Nuvoloso;Scarso;Buona;Ore Diurne;0;0;0;2;12.44763;41.96779;-1;2;Autovettura privata;In marcia / fermata / arresto;Conducente;F;Illeso;0;;;;
2548514;17;21/10/2015 11:00;Strada Urbana;VIA DURAZZO;da specificare;;;;prossimità via Gomenizza;Scontro laterale fra veicoli in marcia;Rettilineo;Una carreggiata a doppio senso;Asciutto;Asfaltata;Verticale ed orizzontale;Nuvoloso;Scarso;Buona;Ore Diurne;0;0;0;3;12.45629;41.92199;-1;1;Autovettura privata;In marcia / fermata / arresto;Conducente;M;Illeso;0;;Non accertato;Inesploso;
2548514;17;21/10/2015 11:00;Strada Urbana;VIA DURAZZO;da specificare;;;;prossimità via Gomenizza;Scontro laterale fra veicoli in marcia;Rettilineo;Una carreggiata a doppio senso;Asciutto;Asfaltata;Verticale ed orizzontale;Nuvoloso;Scarso;Buona;Ore Diurne;0;0;0;3;12.45629;41.92199;-1;1;Autovettura privata;In marcia / fermata / arresto;Passeggero;M;Illeso;0;;Non accertato;Inesploso;
2548514;17;21/10/2015 11:00;Strada Urbana;VIA DURAZZO;da specificare;;;;prossimità via Gomenizza;Scontro laterale fra veicoli in marcia;Rettilineo;Una carreggiata a doppio senso;Asciutto;Asfaltata;Verticale ed orizzontale;Nuvoloso;Scarso;Buona;Ore Diurne;0;0;0;3;12.45629;41.92199;-1;2;Autovettura privata;In marcia / fermata / arresto;Conducente;M;Illeso;0;;Non accertato;Inesploso;
2548541;1;21/10/2015 16:10;Strada Urbana;VIA DEL CASTRO PRETORIO;all'intersezione con;VIA VARESE;VIA VARESE;;;Scontro frontale/laterale DX fra veicoli in marcia;Incrocio;Una carreggiata a doppio senso;Asciutto;Asfaltata;Verticale ed orizzontale;Nuvoloso;Normale;Buona;Ore Diurne;1;0;0;2;12.50622;41.90221;-1;1;Autovettura privata;In marcia / fermata / arresto;Conducente;F;Illeso;0;;Non accertato;;
2548541;1;21/10/2015 16:10;Strada Urbana;VIA DEL CASTRO PRETORIO;all'intersezione con;VIA VARESE;VIA VARESE;;;Scontro frontale/laterale DX fra veicoli in marcia;Incrocio;Una carreggiata a doppio senso;Asciutto;Asfaltata;Verticale ed orizzontale;Nuvoloso;Normale;Buona;Ore Diurne;1;0;0;2;12.50622;41.90221;-1;2;Motociclo con passeggero;In marcia / fermata / arresto;Conducente;M;Illeso;0;;Non accertato;;
2548541;1;21/10/2015 16:10;Strada Urbana;VIA DEL CASTRO PRETORIO;all'intersezione con;VIA VARESE;VIA VARESE;;;Scontro frontale/laterale DX fra veicoli in marcia;Incrocio;Una carreggiata a doppio senso;Asciutto;Asfaltata;Verticale ed orizzontale;Nuvoloso;Normale;Buona;Ore Diurne;1;0;0;2;12.50622;41.90221;-1;2;Motociclo con passeggero;In marcia / fermata / arresto;Passeggero;M;Rimandato;0;NON DECEDUTO;Non accertato;;
2548545;10;21/10/2015 19:10;Strada Urbana;VIALE ANTONIO CIAMARRA;da specificare;;;;fronte civico 101;Tamponamento Multiplo;Rettilineo;Una carreggiata a senso unico di marcia;Bagnato (pioggia);Asfaltata;Orizzontale;Pioggia in atto;Normale;Buona;Sufficiente;0;0;0;3;12.59039;41.85195;-1;1;Autovettura privata;In marcia / fermata / arresto;Conducente;F;Illeso;0;;Non accertato;Inesploso;
2548545;10;21/10/2015 19:10;Strada Urbana;VIALE ANTONIO CIAMARRA;da specificare;;;;fronte civico 101;Tamponamento Multiplo;Rettilineo;Una carreggiata a senso unico di marcia;Bagnato (pioggia);Asfaltata;Orizzontale;Pioggia in atto;Normale;Buona;Sufficiente;0;0;0;3;12.59039;41.85195;-1;2;Autovettura privata;In marcia / fermata / arresto;Conducente;M;Illeso;0;;Non accertato;Inesploso;
2548545;10;21/10/2015 19:10;Strada Urbana;VIALE ANTONIO CIAMARRA;da specificare;;;;fronte civico 101;Tamponamento Multiplo;Rettilineo;Una carreggiata a senso unico di marcia;Bagnato (pioggia);Asfaltata;Orizzontale;Pioggia in atto;Normale;Buona;Sufficiente;0;0;0;3;12.59039;41.85195;-1;3;Autovettura privata;In marcia / fermata / arresto;Conducente;M;Illeso;0;;Non accertato;Inesploso;
2548560;17;21/10/2015 20:20;Strada Urbana;VIA CRESCENZIO;all'intersezione con;VIA TIBULLO;VIA TIBULLO;;;Investimento di pedone;Incrocio;Una carreggiata a doppio senso;Asciutto;Acciotolata;Orizzontale;Sereno;Normale;Insufficiente;Insufficiente;1;0;0;2;12.46215;41.9058;-1;;;;Pedone;M;Rimandato;0;NON DECEDUTO;;;
2548560;17;21/10/2015 20:20;Strada Urbana;VIA CRESCENZIO;all'intersezione con;VIA TIBULLO;VIA TIBULLO;;;Investimento di pedone;Incrocio;Una carreggiata a doppio senso;Asciutto;Acciotolata;Orizzontale;Sereno;Normale;Insufficiente;Insufficiente;1;0;0;2;12.46215;41.9058;-1;;;;Pedone;F;Illeso;0;;;;
2548560;17;21/10/2015 20:20;Strada Urbana;VIA CRESCENZIO;all'intersezione con;VIA TIBULLO;VIA TIBULLO;;;Investimento di pedone;Incrocio;Una carreggiata a doppio senso;Asciutto;Acciotolata;Orizzontale;Sereno;Normale;Insufficiente;Insufficiente;1;0;0;2;12.46215;41.9058;-1;1;Autovettura privata;In marcia / fermata / arresto;Conducente;F;Illeso;0;;Non accertato;Inesploso;
2548581;7;21/10/2015 20:30;Strada Urbana;VIA DI TORRENOVA;in corrispondenza;;del civico n.;167;;Veicolo in marcia contro ostacolo accidentale;Rettilineo;Una carreggiata a doppio senso;Asciutto;Asfaltata;Verticale;Sereno;Normale;Buona;Sufficiente;0;0;0;1;12.61942;41.87429;-1;1;Autovettura privata;In marcia / fermata / arresto;Conducente;F;Illeso;0;;Non accertato;Inesploso;
2548596;7;21/10/2015 21:30;Strada Urbana;VIA DEI PIOPPI;all'intersezione con;PIAZZA DEGLI ONTANI;PIAZZA DEGLI ONTANI;;;Scontro frontale/laterale SX fra veicoli in marcia;Incrocio;Due carreggiate;Asciutto;Asfaltata;Verticale ed orizzontale;Sereno;Normale;Buona;Sufficiente;0;0;0;4;12.57003;41.87774;-1;1;Autovettura privata;In marcia / fermata / arresto;Conducente;M;Illeso;0;;;;
2548596;7;21/10/2015 21:30;Strada Urbana;VIA DEI PIOPPI;all'intersezione con;PIAZZA DEGLI ONTANI;PIAZZA DEGLI ONTANI;;;Scontro frontale/laterale SX fra veicoli in marcia;Incrocio;Due carreggiate;Asciutto;Asfaltata;Verticale ed orizzontale;Sereno;Normale;Buona;Sufficiente;0;0;0;4;12.57003;41.87774;-1;2;Autovettura privata;In marcia / fermata / arresto;Conducente;M;Illeso;0;;;;
2548596;7;21/10/2015 21:30;Strada Urbana;VIA DEI PIOPPI;all'intersezione con;PIAZZA DEGLI ONTANI;PIAZZA DEGLI ONTANI;;;Scontro frontale/laterale SX fra veicoli in marcia;Incrocio;Due carreggiate;Asciutto;Asfaltata;Verticale ed orizzontale;Sereno;Normale;Buona;Sufficiente;0;0;0;4;12.57003;41.87774;-1;2;Autovettura privata;In marcia / fermata / arresto;Passeggero;M;Illeso;0;;;;
2548600;6;22/10/2015 08:50;Statale entro l'abitato;VIA CASILINA;in corrispondenza;;del civico n.;761;;Tamponamento;Rettilineo;Due carreggiate;Asciutto;Asfaltata;Orizzontale;Nuvoloso;Normale;Buona;Ore Diurne;0;0;0;2;12.55514;41.87618;-1;1;Autovettura privata;In marcia / fermata / arresto;Conducente;M;Illeso;0;;Non accertato;Inesploso;
2548600;6;22/10/2015 08:50;Statale entro l'abitato;VIA CASILINA;in corrispondenza;;del civico n.;761;;Tamponamento;Rettilineo;Due carreggiate;Asciutto;Asfaltata;Orizzontale;Nuvoloso;Normale;Buona;Ore Diurne;0;0;0;2;12.55514;41.87618;-1;2;Autovettura privata;In marcia / fermata / arresto;Conducente;M;Illeso;0;;Non accertato;Inesploso;
2548650;12;20/10/2015 08:00;Strada Urbana;VIA LAURENTINA;all'intersezione con;VIALE DELL'OCEANO ATLANTICO;VIALE DELL'OCEANO ATLANTICO;;;Investimento di pedone;Intersezione semaforizzata;Due carreggiate;Asciutto;Asfaltata;Verticale ed orizzontale;Sereno;Intenso;Buona;Ore Diurne;0;0;0;2;12.47998;41.82222;-1;;;;Pedone;M;Illeso;0;;;;
2548650;12;20/10/2015 08:00;Strada Urbana;VIA LAURENTINA;all'intersezione con;VIALE DELL'OCEANO ATLANTICO;VIALE DELL'OCEANO ATLANTICO;;;Investimento di pedone;Intersezione semaforizzata;Due carreggiate;Asciutto;Asfaltata;Verticale ed orizzontale;Sereno;Intenso;Buona;Ore Diurne;0;0;0;2;12.47998;41.82222;-1;1;Autovettura privata;In marcia / fermata / arresto;Conducente;F;Illeso;0;;Non accertato;Inesploso;
2548667;2;21/10/2015 20:00;Strada Urbana;VIALE BRUNO BUOZZI;da specificare;;;;prossimità Piazza Don Minzoni;Investimento di pedone;Rettilineo;Una carreggiata a doppio senso;Asciutto;Asfaltata;Verticale ed orizzontale;Sereno;Scarso;Sufficiente;Sufficiente;1;0;0;1;12.48058;41.92085;-1;;;;Pedone;F;Rimandato;0;NON DECEDUTO;;;
2548667;2;21/10/2015 20:00;Strada Urbana;VIALE BRUNO BUOZZI;da specificare;;;;prossimità Piazza Don Minzoni;Investimento di pedone;Rettilineo;Una carreggiata a doppio senso;Asciutto;Asfaltata;Verticale ed orizzontale;Sereno;Scarso;Sufficiente;Sufficiente;1;0;0;1;12.48058;41.92085;-1;1;Autovettura privata;In marcia / fermata / arresto;Conducente;M;Illeso;0;;Non accertato;Inesploso;
2548693;10;22/10/2015 08:15;Strada Urbana;VIA DI VERMICINO;all'intersezione con;VIA DEL CASALE ANTONIONI;VIA DEL CASALE ANTONIONI;;;Scontro frontale/laterale SX fra veicoli in marcia;Incrocio;Due carreggiate;Asciutto;Asfaltata;Orizzontale;Nuvoloso;Normale;Buona;Ore Diurne;1;0;0;1;12.64469;41.82457;-1;1;Autovettura privata;In marcia / fermata / arresto;Conducente;M;Illeso;0;;Non accertato;Inesploso;
2548693;10;22/10/2015 08:15;Strada Urbana;VIA DI VERMICINO;all'intersezione con;VIA DEL CASALE ANTONIONI;VIA DEL CASALE ANTONIONI;;;Scontro frontale/laterale SX fra veicoli in marcia;Incrocio;Due carreggiate;Asciutto;Asfaltata;Orizzontale;Nuvoloso;Normale;Buona;Ore Diurne;1;0;0;1;12.64469;41.82457;-1;2;Motociclo a solo;In marcia / fermata / arresto;Conducente;M;Rimandato;0;NON DECEDUTO;;;
2548694;18;22/10/2015 09:00;Strada Urbana;VIA DI PORTA CAVALLEGGERI;all'intersezione semaforizzata con;VIA DELLA STAZIONE VATICANA;VIA DELLA STAZIONE VATICANA;;;Tamponamento;Intersezione semaforizzata;Due carreggiate;Asciutto;Asfaltata;Verticale ed orizzontale;Sereno;Normale;Buona;Ore Diurne;1;0;0;1;12.45426;41.89993;-1;1;Motociclo a solo;In marcia / fermata / arresto;Conducente;F;Rimandato;0;NON DECEDUTO;Utilizzato;;
2548694;18;22/10/2015 09:00;Strada Urbana;VIA DI PORTA CAVALLEGGERI;all'intersezione semaforizzata con;VIA DELLA STAZIONE VATICANA;VIA DELLA STAZIONE VATICANA;;;Tamponamento;Intersezione semaforizzata;Due carreggiate;Asciutto;Asfaltata;Verticale ed orizzontale;Sereno;Normale;Buona;Ore Diurne;1;0;0;1;12.45426;41.89993;-1;2;Autovettura privata;In marcia / fermata / arresto;Conducente;F;Illeso;0;;Non accertato;Inesploso;
2548700;1;21/10/2015 19:20;Strada Urbana;VIA LABICANA;da specificare;;;;FRONTE VIA DEI NORMANNI;Investimento di pedone;Rettilineo;Più di due carreggiate;Asciutto;Asfaltata;Verticale ed orizzontale;Sereno;Normale;Sufficiente;Sufficiente;1;0;0;1;12.49905;41.88972;-1;;;;Pedone;F;Rimandato;0;NON DECEDUTO;;;
2548700;1;21/10/2015 19:20;Strada Urbana;VIA LABICANA;da specificare;;;;FRONTE VIA DEI NORMANNI;Investimento di pedone;Rettilineo;Più di due carreggiate;Asciutto;Asfaltata;Verticale ed orizzontale;Sereno;Normale;Sufficiente;Sufficiente;1;0;0;1;12.49905;41.88972;-1;1;Autovettura privata;In marcia / fermata / arresto;Conducente;M;Illeso;0;;Non accertato;;
2548713;10;21/10/2015 13:30;Provinciale entro l'abitato;VIA TUSCOLANA;in prossimità;;del civico n.;2170;;Scontro frontale/laterale SX fra veicoli in marcia;Curva a visuale libera;Due carreggiate;Asciutto;Asfaltata;Verticale ed orizzontale;Nuvoloso;Normale;Buona;Ore Diurne;1;0;0;1;12.63062;41.82453;-1;1;Motociclo a solo;In marcia / fermata / arresto;Conducente;M;Rimandato;0;NON DECEDUTO;Non accertato;;
2548713;10;21/10/2015 13:30;Provinciale entro l'abitato;VIA TUSCOLANA;in prossimità;;del civico n.;2170;;Scontro frontale/laterale SX fra veicoli in marcia;Curva a visuale libera;Due carreggiate;Asciutto;Asfaltata;Verticale ed orizzontale;Nuvoloso;Normale;Buona;Ore Diurne;1;0;0;1;12.63062;41.82453;-1;2;Autovettura privata;In marcia / fermata / arresto;Conducente;M;Illeso;0;;Non accertato;Inesploso;
2548724;1;14/10/2015 20:20;Strada Urbana;LUNGOTEVERE RIPA;all'intersezione semaforizzata con;PIAZZA DI PORTA PORTESE;PIAZZA DI PORTA PORTESE;;;Scontro laterale fra veicoli in marcia;Intersezione semaforizzata;Una carreggiata a senso unico di marcia;Asciutto;In cubetti di porfido;Verticale ed orizzontale;Sereno;Normale;Sufficiente;Sufficiente;0;0;0;4;12.47885;41.88786;-1;1;Autovettura privata;In marcia / fermata / arresto;Conducente;M;Illeso;0;;Non accertato;;
2548724;1;14/10/2015 20:20;Strada Urbana;LUNGOTEVERE RIPA;all'intersezione semaforizzata con;PIAZZA DI PORTA PORTESE;PIAZZA DI PORTA PORTESE;;;Scontro laterale fra veicoli in marcia;Intersezione semaforizzata;Una carreggiata a senso unico di marcia;Asciutto;In cubetti di porfido;Verticale ed orizzontale;Sereno;Normale;Sufficiente;Sufficiente;0;0;0;4;12.47885;41.88786;-1;1;Autovettura privata;In marcia / fermata / arresto;Passeggero;F;Illeso;0;;Non accertato;Inesploso;
2548724;1;14/10/2015 20:20;Strada Urbana;LUNGOTEVERE RIPA;all'intersezione semaforizzata con;PIAZZA DI PORTA PORTESE;PIAZZA DI PORTA PORTESE;;;Scontro laterale fra veicoli in marcia;Intersezione semaforizzata;Una carreggiata a senso unico di marcia;Asciutto;In cubetti di porfido;Verticale ed orizzontale;Sereno;Normale;Sufficiente;Sufficiente;0;0;0;4;12.47885;41.88786;-1;1;Autovettura privata;In marcia / fermata / arresto;Passeggero;F;Illeso;0;;Non accertato;Inesploso;
2548724;1;14/10/2015 20:20;Strada Urbana;LUNGOTEVERE RIPA;all'intersezione semaforizzata con;PIAZZA DI PORTA PORTESE;PIAZZA DI PORTA PORTESE;;;Scontro laterale fra veicoli in marcia;Intersezione semaforizzata;Una carreggiata a senso unico di marcia;Asciutto;In cubetti di porfido;Verticale ed orizzontale;Sereno;Normale;Sufficiente;Sufficiente;0;0;0;4;12.47885;41.88786;-1;2;Autovettura privata;In marcia / fermata / arresto;Conducente;F;Illeso;0;;Non accertato;Inesploso;