Protocollo;Gruppo;DataOraIncidente;Localizzazione1;STRADA1;Localizzazione2;STRADA2;Strada02;Chilometrica;DaSpecificare;NaturaIncidente;particolaritastrade;TipoStrada;FondoStradale;Pavimentazione;Segnaletica;CondizioneAtmosferica;Traffico;Visibilita;Illuminazione;NUM_FERITI;NUM_RISERVATA;NUM_MORTI;NUM_ILLESI;Longitudine;Latitudine;Confermato;Progressivo;TipoVeicolo;StatoVeicolo;TipoPersona;Sesso;Tipolesione;Deceduto;DecedutoDopo;CinturaCascoUtilizzato;Airbag;
2552577;2;24/10/2015 11:15;Strada Urbana;VIA PO;all'intersezione con;VIA ISONZO;VIA ISONZO;;;Scontro frontale/laterale DX fra veicoli in marcia;Incrocio;Una carreggiata a doppio senso;Asciutto;Asfaltata;Verticale ed orizzontale;Sereno;Normale;Buona;Ore Diurne;3;0;0;0;12.49402;41.91322;-1;2;Autovettura privata;In marcia / fermata / arresto;Passeggero;M;Rimandato;0;NON DECEDUTO;;;
2552625;20;24/10/2015 13:35;Regionale;VIA FLAMINIA;da specificare;;;;PROSSIMITA' SAXA RUBRA DIR. G.R.A. (KM 10,400);Tamponamento Multiplo;Rettilineo;Due carreggiate;Asciutto;Asfaltata;Verticale ed orizzontale;Sereno;Intenso;Buona;Ore Diurne;4;0;0;5;12.49326;41.98094;-1;1;Autovettura privata;In marcia / fermata / arresto;Conducente;M;Rifiuta cure immediate;0;NON DECEDUTO;Non accertato;Inesploso;
2552625;20;24/10/2015 13:35;Regionale;VIA FLAMINIA;da specificare;;;;PROSSIMITA' SAXA RUBRA DIR. G.R.A. (KM 10,400);Tamponamento Multiplo;Rettilineo;Due carreggiate;Asciutto;Asfaltata;Verticale ed orizzontale;Sereno;Intenso;Buona;Ore Diurne;4;0;0;5;12.49326;41.98094;-1;1;Autovettura privata;In marcia / fermata / arresto;Passeggero;M;Illeso;0;;Non accertato;Inesploso;
2552625;20;24/10/2015 13:35;Regionale;VIA FLAMINIA;da specificare;;;;PROSSIMITA' SAXA RUBRA DIR. G.R.A. (KM 10,400);Tamponamento Multiplo;Rettilineo;Due carreggiate;Asciutto;Asfaltata;Verticale ed orizzontale;Sereno;Intenso;Buona;Ore Diurne;4;0;0;5;12.49326;41.98094;-1;1;Autovettura privata;In marcia / fermata / arresto;Passeggero;M;Rifiuta cure immediate;0;NON DECEDUTO;Non accertato;Inesploso;
2552625;20;24/10/2015 13:35;Regionale;VIA FLAMINIA;da specificare;;;;PROSSIMITA' SAXA RUBRA DIR. G.R.A. (KM 10,400);Tamponamento Multiplo;Rettilineo;Due carreggiate;Asciutto;Asfaltata;Verticale ed orizzontale;Sereno;Intenso;Buona;Ore Diurne;4;0;0;5;12.49326;41.98094;-1;2;Autovettura privata;In marcia / fermata / arresto;Conducente;M;Illeso;0;;Non accertato;Inesploso;
2552625;20;24/10/2015 13:35;Regionale;VIA FLAMINIA;da specificare;;;;PROSSIMITA' SAXA RUBRA DIR. G.R.A. (KM 10,400);Tamponamento Multiplo;Rettilineo;Due carreggiate;Asciutto;Asfaltata;Verticale ed orizzontale;Sereno;Intenso;Buona;Ore Diurne;4;0;0;5;12.49326;41.98094;-1;2;Autovettura privata;In marcia / fermata / arresto;Passeggero;F;Illeso;0;;Non accertato;Inesploso;
2552625;20;24/10/2015 13:35;Regionale;VIA FLAMINIA;da specificare;;;;PROSSIMITA' SAXA RUBRA DIR. G.R.A. (KM 10,400);Tamponamento Multiplo;Rettilineo;Due carreggiate;Asciutto;Asfaltata;Verticale ed orizzontale;Sereno;Intenso;Buona;Ore Diurne;4;0;0;5;12.49326;41.98094;-1;3;Autovettura privata;In marcia / fermata / arresto;Conducente;M;Rifiuta cure immediate;0;NON DECEDUTO;Non accertato;Esploso;
2552625;20;24/10/2015 13:35;Regionale;VIA FLAMINIA;da specificare;;;;PROSSIMITA' SAXA RUBRA DIR. G.R.A. (KM 10,400);Tamponamento Multiplo;Rettilineo;Due carreggiate;Asciutto;Asfaltata;Verticale ed orizzontale;Sereno;Intenso;Buona;Ore Diurne;4;0;0;5;12.49326;41.98094;-1;3;Autovettura privata;In marcia / fermata / arresto;Passeggero;F;Rimandato;0;NON DECEDUTO;Non accertato;Inesploso;
2552625;20;24/10/2015 13:35;Regionale;VIA FLAMINIA;da specificare;;;;PROSSIMITA' SAXA RUBRA DIR. G.R.A. (KM 10,400);Tamponamento Multiplo;Rettilineo;Due carreggiate;Asciutto;Asfaltata;Verticale ed orizzontale;Sereno;Intenso;Buona;Ore Diurne;4;0;0;5;12.49326;41.98094;-1;3;Autovettura privata;In marcia / fermata / arresto;Passeggero;F;Illeso;0;;Non accertato;Esploso;
2552625;20;24/10/2015 13:35;Regionale;VIA FLAMINIA;da specificare;;;;PROSSIMITA' SAXA RUBRA DIR. G.R.A. (KM 10,400);Tamponamento Multiplo;Rettilineo;Due carreggiate;Asciutto;Asfaltata;Verticale ed orizzontale;Sereno;Intenso;Buona;Ore Diurne;4;0;0;5;12.49326;41.98094;-1;4;Autovettura privata;In marcia / fermata / arresto;Conducente;M;Illeso;0;;Non accertato;Esploso;
2552644;13;24/10/2015 16:00;Strada Urbana;VIALE DEI ROMAGNOLI;da specificare;;;;ALTEZZA RAMPA VIADOTTO ZELIA NUTTAL;Investimento di pedone;Rettilineo;Una carreggiata a doppio senso;Asciutto;Asfaltata;Verticale ed orizzontale;Sereno;Normale;Buona;Ore Diurne;2;0;0;5;12.33663;41.77441;-1;;;;Pedone;M;Rimandato;0;NON DECEDUTO;;;
2552644;13;24/10/2015 16:00;Strada Urbana;VIALE DEI ROMAGNOLI;da specificare;;;;ALTEZZA RAMPA VIADOTTO ZELIA NUTTAL;Investimento di pedone;Rettilineo;Una carreggiata a doppio senso;Asciutto;Asfaltata;Verticale ed orizzontale;Sereno;Normale;Buona;Ore Diurne;2;0;0;5;12.33663;41.77441;-1;;;;Pedone;F;Rimandato;0;NON DECEDUTO;;;
2552644;13;24/10/2015 16:00;Strada Urbana;VIALE DEI ROMAGNOLI;da specificare;;;;ALTEZZA RAMPA VIADOTTO ZELIA NUTTAL;Investimento di pedone;Rettilineo;Una carreggiata a doppio senso;Asciutto;Asfaltata;Verticale ed orizzontale;Sereno;Normale;Buona;Ore Diurne;2;0;0;5;12.33663;41.77441;-1;1;Autovettura privata;In marcia / fermata / arresto;Conducente;M;Illeso;0;;Non accertato;;
2552644;13;24/10/2015 16:00;Strada Urbana;VIALE DEI ROMAGNOLI;da specificare;;;;ALTEZZA RAMPA VIADOTTO ZELIA NUTTAL;Investimento di pedone;Rettilineo;Una carreggiata a doppio senso;Asciutto;Asfaltata;Verticale ed orizzontale;Sereno;Normale;Buona;Ore Diurne;2;0;0;5;12.33663;41.77441;-1;1;Autovettura privata;In marcia / fermata / arresto;Passeggero;M;Illeso;0;;Non accertato;;
2552644;13;24/10/2015 16:00;Strada Urbana;VIALE DEI ROMAGNOLI;da specificare;;;;ALTEZZA RAMPA VIADOTTO ZELIA NUTTAL;Investimento di pedone;Rettilineo;Una carreggiata a doppio senso;Asciutto;Asfaltata;Verticale ed orizzontale;Sereno;Normale;Buona;Ore Diurne;2;0;0;5;12.33663;41.77441;-1;1;Autovettura privata;In marcia / fermata / arresto;Passeggero;F;Illeso;0;;Non accertato;;
2552644;13;24/10/2015 16:00;Strada Urbana;VIALE DEI ROMAGNOLI;da specificare;;;;ALTEZZA RAMPA VIADOTTO ZELIA NUTTAL;Investimento di pedone;Rettilineo;Una carreggiata a doppio senso;Asciutto;Asfaltata;Verticale ed orizzontale;Sereno;Normale;Buona;Ore Diurne;2;0;0;5;12.33663;41.77441;-1;1;Autovettura privata;In marcia / fermata / arresto;Passeggero;F;Illeso;0;;Non accertato;;
2552644;13;24/10/2015 16:00;Strada Urbana;VIALE DEI ROMAGNOLI;da specificare;;;;ALTEZZA RAMPA VIADOTTO ZELIA NUTTAL;Investimento di pedone;Rettilineo;Una carreggiata a doppio senso;Asciutto;Asfaltata;Verticale ed orizzontale;Sereno;Normale;Buona;Ore Diurne;2;0;0;5;12.33663;41.77441;-1;1;Autovettura privata;In marcia / fermata / arresto;Passeggero;F;Illeso;0;;Non accertato;;
2552664;15;24/10/2015 22:35;Strada Urbana;VIA ENRICO CRUCIANI ALIBRANDI;in prossimità;;del civico n.;4;;Veicolo in marcia contro veicoli in sosta;Pendenza;Una carreggiata a doppio senso;Asciutto;Asfaltata;Assente;Sereno;Scarso;Buona;Ore Diurne;0;0;0;1;12.45394;41.86025;-1;3;Autovettura privata;Allontanatosi;Conducente;M;Illeso;0;;Non accertato;;
2552668;13;24/10/2015 22:05;Strada Urbana;VIA DEL LIDO DI CASTELPORZIANO;da specificare;;;;50 M DOPO V.DI CASTEL PORZIANO DIR.C.COLOMBO;Veicolo in marcia contro ostacolo accidentale;Rettilineo;Una carreggiata a doppio senso;Asciutto;Asfaltata;Assente;Sereno;Normale;Insufficiente;Insufficiente;0;0;0;1;12.35069;41.71813;-1;1;Autovettura privata;In marcia / fermata / arresto;Conducente;M;Illeso;0;;Non accertato;;
2552677;13;24/10/2015 17:00;Strada Urbana;VIA GIAN FRANCESCO MALIPIERO;all'intersezione con;VIA DEGLI STRAUSS;VIA DEGLI STRAUSS;;;Scontro frontale/laterale SX fra veicoli in marcia;Incrocio;Una carreggiata a doppio senso;Asciutto;Asfaltata;Verticale ed orizzontale;Sereno;Scarso;Buona;Ore Diurne;3;0;0;0;12.37187;41.75218;-1;1;Autovettura privata;In marcia / fermata / arresto;Conducente;M;Rimandato;0;NON DECEDUTO;Non accertato;Esploso;
2552677;13;24/10/2015 17:00;Strada Urbana;VIA GIAN FRANCESCO MALIPIERO;all'intersezione con;VIA DEGLI STRAUSS;VIA DEGLI STRAUSS;;;Scontro frontale/laterale SX fra veicoli in marcia;Incrocio;Una carreggiata a doppio senso;Asciutto;Asfaltata;Verticale ed orizzontale;Sereno;Scarso;Buona;Ore Diurne;3;0;0;0;12.37187;41.75218;-1;1;Autovettura privata;In marcia / fermata / arresto;Passeggero;M;Rimandato;0;NON DECEDUTO;;;
2552677;13;24/10/2015 17:00;Strada Urbana;VIA GIAN FRANCESCO MALIPIERO;all'intersezione con;VIA DEGLI STRAUSS;VIA DEGLI STRAUSS;;;Scontro frontale/laterale SX fra veicoli in marcia;Incrocio;Una carreggiata a doppio senso;Asciutto;Asfaltata;Verticale ed orizzontale;Sereno;Scarso;Buona;Ore Diurne;3;0;0;0;12.37187;41.75218;-1;2;Autovettura privata;In marcia / fermata / arresto;Conducente;M;Rimandato;0;NON DECEDUTO;Utilizzato;Esploso;
2552697;15;24/10/2015 12:30;Strada Urbana;VIA DEL TRULLO;da specificare;;;;FRONTE CIVICO 104;Scontro laterale fra veicoli in marcia;Rettilineo;Una carreggiata a doppio senso;Asciutto;Asfaltata;Orizzontale;Sereno;Normale;Buona;Ore Diurne;0;0;0;3;12.43676;41.84305;-1;1;Autovettura privata;In marcia / fermata / arresto;Conducente;M;Illeso;0;;Non accertato;Inesploso;
2552697;15;24/10/2015 12:30;Strada Urbana;VIA DEL TRULLO;da specificare;;;;FRONTE CIVICO 104;Scontro laterale fra veicoli in marcia;Rettilineo;Una carreggiata a doppio senso;Asciutto;Asfaltata;Orizzontale;Sereno;Normale;Buona;Ore Diurne;0;0;0;3;12.43676;41.84305;-1;2;Autovettura privata;In marcia / fermata / arresto;Conducente;F;Illeso;0;;Non accertato;Inesploso;
2552697;15;24/10/2015 12:30;Strada Urbana;VIA DEL TRULLO;da specificare;;;;FRONTE CIVICO 104;Scontro laterale fra veicoli in marcia;Rettilineo;Una carreggiata a doppio senso;Asciutto;Asfaltata;Orizzontale;Sereno;Normale;Buona;Ore Diurne;0;0;0;3;12.43676;41.84305;-1;2;Autovettura privata;In marcia / fermata / arresto;Passeggero;F;Illeso;0;;Non accertato;Inesploso;
2552706;15;24/10/2015 15:00;Strada Urbana;VIA QUIRINO MAJORANA;da specificare;;;;PROSSIMITA' CIVICO 233;Scontro laterale fra veicoli in marcia;Rettilineo;Due carreggiate;Asciutto;Asfaltata;Verticale ed orizzontale;Sereno;Normale;Buona;Ore Diurne;0;0;0;2;12.46208;41.86846;-1;1;Autovettura privata;In marcia / fermata / arresto;Conducente;M;Illeso;0;;Utilizzato;Inesploso;
2552706;15;24/10/2015 15:00;Strada Urbana;VIA QUIRINO MAJORANA;da specificare;;;;PROSSIMITA' CIVICO 233;Scontro laterale fra veicoli in marcia;Rettilineo;Due carreggiate;Asciutto;Asfaltata;Verticale ed orizzontale;Sereno;Normale;Buona;Ore Diurne;0;0;0;2;12.46208;41.86846;-1;2;Autovettura privata;In marcia / fermata / arresto;Conducente;M;Illeso;0;;Utilizzato;Inesploso;
2552718;15;24/10/2015 22:35;Strada Urbana;PIAZZETTA DEL BEL RESPIRO;all'intersezione con;VIA DEL FORTE BRAVETTA;VIA DEL FORTE BRAVETTA;;;Veicolo in marcia contro ostacolo fisso;Intersezione semaforizzata;Due carreggiate;Asciutto;Asfaltata;Verticale ed orizzontale;Sereno;Normale;Buona;Sufficiente;0;0;0;2;12.44137;41.87894;-1;1;Autovettura privata;In marcia / fermata / arresto;Conducente;M;Illeso;0;;Non accertato;;
2552718;15;24/10/2015 22:35;Strada Urbana;PIAZZETTA DEL BEL RESPIRO;all'intersezione con;VIA DEL FORTE BRAVETTA;VIA DEL FORTE BRAVETTA;;;Veicolo in marcia contro ostacolo fisso;Intersezione semaforizzata;Due carreggiate;Asciutto;Asfaltata;Verticale ed orizzontale;Sereno;Normale;Buona;Sufficiente;0;0;0;2;12.44137;41.87894;-1;2;Autovettura privata;In marcia / fermata / arresto;Conducente;M;Illeso;0;;Utilizzato;;
2552734;15;24/10/2015 16:00;Strada Urbana;VIA DELLA MAGLIANA;all'intersezione semaforizzata con;VIA DEI GROTTONI;VIA DEI GROTTONI;;;Scontro laterale fra veicoli in marcia;Intersezione semaforizzata;Una carreggiata a doppio senso;Asciutto;Asfaltata;Verticale ed orizzontale;Sereno;Normale;Buona;Ore Diurne;0;0;0;2;12.42401;41.83394;-1;1;Autovettura privata;In marcia / fermata / arresto;Conducente;M;Illeso;0;;Utilizzato;;
2552734;15;24/10/2015 16:00;Strada Urbana;VIA DELLA MAGLIANA;all'intersezione semaforizzata con;VIA DEI GROTTONI;VIA DEI GROTTONI;;;Scontro laterale fra veicoli in marcia;Intersezione semaforizzata;Una carreggiata a doppio senso;Asciutto;Asfaltata;Verticale ed orizzontale;Sereno;Normale;Buona;Ore Diurne;0;0;0;2;12.42401;41.83394;-1;2;Autovettura privata;In marcia / fermata / arresto;Conducente;F;Illeso;0;;Utilizzato;;
2552905;8;24/10/2015 08:00;Strada Urbana;VIA COLLATINA;in corrispondenza;;del civico n.;960;;Veicolo in marcia contro ostacolo accidentale;Rettilineo;Una carreggiata a doppio senso;Asciutto;Asfaltata;Orizzontale;Sereno;Normale;Buona;Ore Diurne;0;0;0;1;12.66468;41.9218;-1;1;Autovettura privata;In marcia / fermata / arresto;Conducente;F;Illeso;0;;Non accertato;Inesploso;
2552910;8;24/10/2015 16:00;Strada Urbana;VIA MELISSANO;all'intersezione con;VIA DELICETO;VIA DELICETO;;;Scontro frontale/laterale SX fra veicoli in marcia;Incrocio;Una carreggiata a doppio senso;Asciutto;Asfaltata;Verticale;Sereno;Scarso;Buona;Ore Diurne;0;0;0;4;12.66748;41.88837;-1;1;Autovettura privata;In marcia / fermata / arresto;Conducente;M;Illeso;0;;Non accertato;Inesploso;
2552910;8;24/10/2015 16:00;Strada Urbana;VIA MELISSANO;all'intersezione con;VIA DELICETO;VIA DELICETO;;;Scontro frontale/laterale SX fra veicoli in marcia;Incrocio;Una carreggiata a doppio senso;Asciutto;Asfaltata;Verticale;Sereno;Scarso;Buona;Ore Diurne;0;0;0;4;12.66748;41.88837;-1;1;Autovettura privata;In marcia / fermata / arresto;Passeggero;M;Illeso;0;;Non accertato;Inesploso;
2552910;8;24/10/2015 16:00;Strada Urbana;VIA MELISSANO;all'intersezione con;VIA DELICETO;VIA DELICETO;;;Scontro frontale/laterale SX fra veicoli in marcia;Incrocio;Una carreggiata a doppio senso;Asciutto;Asfaltata;Verticale;Sereno;Scarso;Buona;Ore Diurne;0;0;0;4;12.66748;41.88837;-1;2;Autovettura privata;In marcia / fermata / arresto;Conducente;M;Illeso;0;;Non accertato;Inesploso;
2552912;10;25/10/2015 13:10;Strada Urbana;VIALE DEI SALESIANI;all'intersezione con;VIA CAIO RUTILIO;VIA CAIO RUTILIO;;;Scontro laterale fra veicoli in marcia;Incrocio;Due carreggiate;Asciutto;Asfaltata;Verticale;Sereno;Normale;Buona;Ore Diurne;0;0;0;4;12.56739;41.85666;-1;1;Autovettura privata;In marcia / fermata / arresto;Conducente;M;Illeso;0;;Non accertato;Inesploso;
2552912;10;25/10/2015 13:10;Strada Urbana;VIALE DEI SALESIANI;all'intersezione con;VIA CAIO RUTILIO;VIA CAIO RUTILIO;;;Scontro laterale fra veicoli in marcia;Incrocio;Due carreggiate;Asciutto;Asfaltata;Verticale;Sereno;Normale;Buona;Ore Diurne;0;0;0;4;12.56739;41.85666;-1;2;Autovettura privata;In marcia / fermata / arresto;Conducente;M;Illeso;0;;Non accertato;Inesploso;
2552912;10;25/10/2015 13:10;Strada Urbana;VIALE DEI SALESIANI;all'intersezione con;VIA CAIO RUTILIO;VIA CAIO RUTILIO;;;Scontro laterale fra veicoli in marcia;Incrocio;Due carreggiate;Asciutto;Asfaltata;Verticale;Sereno;Normale;Buona;Ore Diurne;0;0;0;4;12.56739;41.85666;-1;2;Autovettura privata;In marcia / fermata / arresto;Passeggero;M;Illeso;0;;Non accertato;Inesploso;
2552912;10;25/10/2015 13:10;Strada Urbana;VIALE DEI SALESIANI;all'intersezione con;VIA CAIO RUTILIO;VIA CAIO RUTILIO;;;Scontro laterale fra veicoli in marcia;Incrocio;Due carreggiate;Asciutto;Asfaltata;Verticale;Sereno;Normale;Buona;Ore Diurne;0;0;0;4;12.56739;41.85666;-1;2;Autovettura privata;In marcia / fermata / arresto;Passeggero;M;Illeso;0;;Non accertato;Inesploso;
2552914;8;24/10/2015 11:25;Strada Urbana;VIA DEL FOSSO DELL'OSA;in prossimità;;del palo luce n.;8;;Veicolo in marcia contro ostacolo accidentale;Rettilineo;Una carreggiata a doppio senso;Asciutto;Asfaltata;Orizzontale;Sereno;Normale;Buona;Ore Diurne;0;0;0;1;12.68431;41.90552;-1;1;Autovettura privata;In marcia / fermata / arresto;Conducente;M;Illeso;0;;Non accertato;Inesploso;
2552923;8;24/10/2015 19:00;Strada Urbana;VIALE DUILIO CAMBELLOTTI;da specificare;;;;inversione di marcia fronte capolinea Atac ;Scontro laterale fra veicoli in marcia;Rettilineo;Una carreggiata a senso unico di marcia;Asciutto;Asfaltata;Verticale ed orizzontale;Sereno;Normale;Buona;Sufficiente;0;0;0;5;12.63233;41.8697;-1;1;Autovettura privata;In marcia / fermata / arresto;Conducente;M;Illeso;0;;;;
2552923;8;24/10/2015 19:00;Strada Urbana;VIALE DUILIO CAMBELLOTTI;da specificare;;;;inversione di marcia fronte capolinea Atac ;Scontro laterale fra veicoli in marcia;Rettilineo;Una carreggiata a senso unico di marcia;Asciutto;Asfaltata;Verticale ed orizzontale;Sereno;Normale;Buona;Sufficiente;0;0;0;5;12.63233;41.8697;-1;1;Autovettura privata;In marcia / fermata / arresto;Passeggero;F;Illeso;0;;Non utilizzato;Inesploso;
2552923;8;24/10/2015 19:00;Strada Urbana;VIALE DUILIO CAMBELLOTTI;da specificare;;;;inversione di marcia fronte capolinea Atac ;Scontro laterale fra veicoli in marcia;Rettilineo;Una carreggiata a senso unico di marcia;Asciutto;Asfaltata;Verticale ed orizzontale;Sereno;Normale;Buona;Sufficiente;0;0;0;5;12.63233;41.8697;-1;2;Autovettura privata;In marcia / fermata / arresto;Conducente;M;Illeso;0;;Non utilizzato;Inesploso;
2552923;8;24/10/2015 19:00;Strada Urbana;VIALE DUILIO CAMBELLOTTI;da specificare;;;;inversione di marcia fronte capolinea Atac ;Scontro laterale fra veicoli in marcia;Rettilineo;Una carreggiata a senso unico di marcia;Asciutto;Asfaltata;Verticale ed orizzontale;Sereno;Normale;Buona;Sufficiente;0;0;0;5;12.63233;41.8697;-1;2;Autovettura privata;In marcia / fermata / arresto;Passeggero;F;Illeso;0;;Non accertato;Inesploso;
2552923;8;24/10/2015 19:00;Strada Urbana;VIALE DUILIO CAMBELLOTTI;da specificare;;;;inversione di marcia fronte capolinea Atac ;Scontro laterale fra veicoli in marcia;Rettilineo;Una carreggiata a senso unico di marcia;Asciutto;Asfaltata;Verticale ed orizzontale;Sereno;Normale;Buona;Sufficiente;0;0;0;5;12.63233;41.8697;-1;2;Autovettura privata;In marcia / fermata / arresto;Passeggero;F;Illeso;0;;Non accertato;Inesploso;
2552925;8;24/10/2015 21:15;Strada Urbana;VIA CASILINA;all'intersezione con;VIA DI TORRE SPACCATA;VIA DI TORRE SPACCATA;;;Scontro laterale fra veicoli in marcia;Incrocio;Una carreggiata a doppio senso;Asciutto;Asfaltata;Verticale ed orizzontale;Sereno;Normale;Sufficiente;Sufficiente;0;0;0;3;12.58728;41.86847;-1;1;Autovettura di polizia;In marcia / fermata / arresto;Conducente;M;Illeso;0;;Non accertato;Inesploso;
2552925;8;24/10/2015 21:15;Strada Urbana;VIA CASILINA;all'intersezione con;VIA DI TORRE SPACCATA;VIA DI TORRE SPACCATA;;;Scontro laterale fra veicoli in marcia;Incrocio;Una carreggiata a doppio senso;Asciutto;Asfaltata;Verticale ed orizzontale;Sereno;Normale;Sufficiente;Sufficiente;0;0;0;3;12.58728;41.86847;-1;1;Autovettura di polizia;In marcia / fermata / arresto;Passeggero;M;Illeso;0;;Non accertato;Inesploso;
2552925;8;24/10/2015 21:15;Strada Urbana;VIA CASILINA;all'intersezione con;VIA DI TORRE SPACCATA;VIA DI TORRE SPACCATA;;;Scontro laterale fra veicoli in marcia;Incrocio;Una carreggiata a doppio senso;Asciutto;Asfaltata;Verticale ed orizzontale;Sereno;Normale;Sufficiente;Sufficiente;0;0;0;3;12.58728;41.86847;-1;2;Motociclo a solo;In marcia / fermata / arresto;Conducente;M;Illeso;0;;;;
2552928;17;25/10/2015 13:45;Strada Urbana;PIAZZALE CLODIO;da specificare;;;;altezza Fronte Via G. Falcone e P. Borselino;Scontro frontale/laterale SX fra veicoli in marcia;Rettilineo;Una carreggiata a senso unico di marcia;Asciutto;Asfaltata;Verticale ed orizzontale;Sereno;Normale;Buona;Ore Diurne;1;0;0;1;12.45491;41.91667;-1;1;Autovettura pubblica;In marcia / fermata / arresto;Conducente;M;Ricoverato;0;NON DECEDUTO;;;
2552928;17;25/10/2015 13:45;Strada Urbana;PIAZZALE CLODIO;da specificare;;;;altezza Fronte Via G. Falcone e P. Borselino;Scontro frontale/laterale SX fra veicoli in marcia;Rettilineo;Una carreggiata a senso unico di marcia;Asciutto;Asfaltata;Verticale ed orizzontale;Sereno;Normale;Buona;Ore Diurne;1;0;0;1;12.45491;41.91667;-1;2;Autovettura privata;In marcia / fermata / arresto;Conducente;M;Illeso;0;;Non accertato;Inesploso;
2553042;13;25/10/2015 13:00;Strada Urbana;VIA PIETRO ROSA;in prossimità;;del civico n.;12;;Veicolo in marcia contro veicolo fermo;Rettilineo;Una carreggiata a doppio senso;Asciutto;Asfaltata;Verticale ed orizzontale;Sereno;Scarso;Buona;Ore Diurne;0;0;0;3;12.28478;41.72976;-1;1;Autovettura privata;In marcia / fermata / arresto;Conducente;M;Illeso;0;;Non accertato;Inesploso;
2553042;13;25/10/2015 13:00;Strada Urbana;VIA PIETRO ROSA;in prossimità;;del civico n.;12;;Veicolo in marcia contro veicolo fermo;Rettilineo;Una carreggiata a doppio senso;Asciutto;Asfaltata;Verticale ed orizzontale;Sereno;Scarso;Buona;Ore Diurne;0;0;0;3;12.28478;41.72976;-1;2;Autovettura privata;In marcia / fermata / arresto;Conducente;M;Illeso;0;;Non accertato;Inesploso;
2553042;13;25/10/2015 13:00;Strada Urbana;VIA PIETRO ROSA;in prossimità;;del civico n.;12;;Veicolo in marcia contro veicolo fermo;Rettilineo;Una carreggiata a doppio senso;Asciutto;Asfaltata;Verticale ed orizzontale;Sereno;Scarso;Buona;Ore Diurne;0;0;0;3;12.28478;41.72976;-1;2;Autovettura privata;In marcia / fermata / arresto;Passeggero;F;Illeso;0;;Non accertato;Inesploso;
2553066;9;24/10/2015 08:50;Strada Urbana;VIA APPIA NUOVA;in prossimità;;del civico n.;443;;Scontro laterale fra veicoli in marcia;Rettilineo;Due carreggiate;Asciutto;Asfaltata;Verticale ed orizzontale;Sereno;Normale;Buona;Ore Diurne;0;0;0;2;12.52507;41.87332;-1;1;Autovettura privata;In marcia / fermata / arresto;Conducente;M;Illeso;0;;Non accertato;Inesploso;
2553066;9;24/10/2015 08:50;Strada Urbana;VIA APPIA NUOVA;in prossimità;;del civico n.;443;;Scontro laterale fra veicoli in marcia;Rettilineo;Due carreggiate;Asciutto;Asfaltata;Verticale ed orizzontale;Sereno;Normale;Buona;Ore Diurne;0;0;0;2;12.52507;41.87332;-1;2;Motociclo a solo;In marcia / fermata / arresto;Conducente;M;Illeso;0;;Non accertato;;
2553072;13;25/10/2015 08:30;Strada Urbana;VIA CESARE MACCARI;all'intersezione con;VIA ALBERTO GALLI;VIA ALBERTO GALLI;;;Scontro frontale/laterale DX fra veicoli in marcia;Incrocio;Una carreggiata a doppio senso;Asciutto;Asfaltata;Orizzontale;Sereno;Scarso;Buona;Ore Diurne;1;0;0;2;12.35771;41.77419;-1;1;Autovettura privata;In marcia / fermata / arresto;Conducente;M;Illeso;0;;;;
2553072;13;25/10/2015 08:30;Strada Urbana;VIA CESARE MACCARI;all'intersezione con;VIA ALBERTO GALLI;VIA ALBERTO GALLI;;;Scontro frontale/laterale DX fra veicoli in marcia;Incrocio;Una carreggiata a doppio senso;Asciutto;Asfaltata;Orizzontale;Sereno;Scarso;Buona;Ore Diurne;1;0;0;2;12.35771;41.77419;-1;2;Autovettura privata;In marcia / fermata / arresto;Conducente;M;Illeso;0;;Non accertato;Esploso;
2553072;13;25/10/2015 08:30;Strada Urbana;VIA CESARE MACCARI;all'intersezione con;VIA ALBERTO GALLI;VIA ALBERTO GALLI;;;Scontro frontale/laterale DX fra veicoli in marcia;Incrocio;Una carreggiata a doppio senso;Asciutto;Asfaltata;Orizzontale;Sereno;Scarso;Buona;Ore Diurne;1;0;0;2;12.35771;41.77419;-1;2;Autovettura privata;In marcia / fermata / arresto;Passeggero;M;Rimandato;0;NON DECEDUTO;Non accertato;Esploso;
2553076;9;24/10/2015 13:15;Strada Urbana;VIA MONSELICE;in corrispondenza;;del civico n.;10;;Tamponamento Multiplo;Rettilineo;Una carreggiata a doppio senso;Asciutto;Asfaltata;Orizzontale;Sereno;Normale;Buona;Ore Diurne;0;0;0;5;12.52251;41.87992;-1;1;Autovettura privata;In marcia / fermata / arresto;Conducente;M;Illeso;0;;Non accertato;Inesploso;
2553076;9;24/10/2015 13:15;Strada Urbana;VIA MONSELICE;in corrispondenza;;del civico n.;10;;Tamponamento Multiplo;Rettilineo;Una carreggiata a doppio senso;Asciutto;Asfaltata;Orizzontale;Sereno;Normale;Buona;Ore Diurne;0;0;0;5;12.52251;41.87992;-1;2;Autocarro inferiore 35 q.;In marcia / fermata / arresto;Conducente;M;Illeso;0;;Non accertato;Inesploso;
2553076;9;24/10/2015 13:15;Strada Urbana;VIA MONSELICE;in corrispondenza;;del civico n.;10;;Tamponamento Multiplo;Rettilineo;Una carreggiata a doppio senso;Asciutto;Asfaltata;Orizzontale;Sereno;Normale;Buona;Ore Diurne;0;0;0;5;12.52251;41.87992;-1;3;Autovettura privata;In marcia / fermata / arresto;Conducente;M;Illeso;0;;Non accertato;Inesploso;
2553076;9;24/10/2015 13:15;Strada Urbana;VIA MONSELICE;in corrispondenza;;del civico n.;10;;Tamponamento Multiplo;Rettilineo;Una carreggiata a doppio senso;Asciutto;Asfaltata;Orizzontale;Sereno;Normale;Buona;Ore Diurne;0;0;0;5;12.52251;41.87992;-1;3;Autovettura privata;In marcia / fermata / arresto;Passeggero;F;Illeso;0;;Non accertato;Inesploso;