Protocollo;Gruppo;DataOraIncidente;Localizzazione1;STRADA1;Localizzazione2;STRADA2;Strada02;Chilometrica;DaSpecificare;NaturaIncidente;particolaritastrade;TipoStrada;FondoStradale;Pavimentazione;Segnaletica;CondizioneAtmosferica;Traffico;Visibilita;Illuminazione;NUM_FERITI;NUM_RISERVATA;NUM_MORTI;NUM_ILLESI;Longitudine;Latitudine;Confermato;Progressivo;TipoVeicolo;StatoVeicolo;TipoPersona;Sesso;Tipolesione;Deceduto;DecedutoDopo;CinturaCascoUtilizzato;Airbag;
2553543;4;23/10/2015 07:05;Strada Urbana;VIA STELVIO;in prossimità;;del civico n.;1;;Scontro laterale fra veicoli in marcia;Rettilineo;Una carreggiata a senso unico di marcia;Asciutto;Asfaltata;Verticale ed orizzontale;Sereno;Intenso;Buona;Ore Diurne;0;0;0;3;12.53541;41.94154;-1;1;Autobus urbano;In marcia / fermata / arresto;Conducente;M;Illeso;0;;Non accertato;;
2553543;4;23/10/2015 07:05;Strada Urbana;VIA STELVIO;in prossimità;;del civico n.;1;;Scontro laterale fra veicoli in marcia;Rettilineo;Una carreggiata a senso unico di marcia;Asciutto;Asfaltata;Verticale ed orizzontale;Sereno;Intenso;Buona;Ore Diurne;0;0;0;3;12.53541;41.94154;-1;2;Autovettura privata;In marcia / fermata / arresto;Conducente;M;Illeso;0;;Non accertato;;
2553543;4;23/10/2015 07:05;Strada Urbana;VIA STELVIO;in prossimità;;del civico n.;1;;Scontro laterale fra veicoli in marcia;Rettilineo;Una carreggiata a senso unico di marcia;Asciutto;Asfaltata;Verticale ed orizzontale;Sereno;Intenso;Buona;Ore Diurne;0;0;0;3;12.53541;41.94154;-1;2;Autovettura privata;In marcia / fermata / arresto;Passeggero;M;Illeso;0;;Non accertato;;
2553545;13;25/10/2015 19:20;Strada Urbana;VIALE DEI ROMAGNOLI;in prossimità;;del civico n.;2077;;Tamponamento Multiplo;Pendenza;Due carreggiate;Asciutto;Asfaltata;Assente;Sereno;Intenso;Buona;Insufficiente;2;0;0;4;12.3592;41.78377;-1;1;Autovettura privata;In marcia / fermata / arresto;Conducente;M;Illeso;0;;Non accertato;Inesploso;
2553545;13;25/10/2015 19:20;Strada Urbana;VIALE DEI ROMAGNOLI;in prossimità;;del civico n.;2077;;Tamponamento Multiplo;Pendenza;Due carreggiate;Asciutto;Asfaltata;Assente;Sereno;Intenso;Buona;Insufficiente;2;0;0;4;12.3592;41.78377;-1;2;Autovettura privata;In marcia / fermata / arresto;Conducente;M;Illeso;0;;Non accertato;Inesploso;
2553545;13;25/10/2015 19:20;Strada Urbana;VIALE DEI ROMAGNOLI;in prossimità;;del civico n.;2077;;Tamponamento Multiplo;Pendenza;Due carreggiate;Asciutto;Asfaltata;Assente;Sereno;Intenso;Buona;Insufficiente;2;0;0;4;12.3592;41.78377;-1;2;Autovettura privata;In marcia / fermata / arresto;Passeggero;F;Illeso;0;;Non accertato;;
2553545;13;25/10/2015 19:20;Strada Urbana;VIALE DEI ROMAGNOLI;in prossimità;;del civico n.;2077;;Tamponamento Multiplo;Pendenza;Due carreggiate;Asciutto;Asfaltata;Assente;Sereno;Intenso;Buona;Insufficiente;2;0;0;4;12.3592;41.78377;-1;2;Autovettura privata;In marcia / fermata / arresto;Passeggero;M;Rimandato;0;NON DECEDUTO;Non accertato;;
2553545;13;25/10/2015 19:20;Strada Urbana;VIALE DEI ROMAGNOLI;in prossimità;;del civico n.;2077;;Tamponamento Multiplo;Pendenza;Due carreggiate;Asciutto;Asfaltata;Assente;Sereno;Intenso;Buona;Insufficiente;2;0;0;4;12.3592;41.78377;-1;3;Autovettura privata;In marcia / fermata / arresto;Conducente;M;Illeso;0;;Non accertato;Inesploso;
2553545;13;25/10/2015 19:20;Strada Urbana;VIALE DEI ROMAGNOLI;in prossimità;;del civico n.;2077;;Tamponamento Multiplo;Pendenza;Due carreggiate;Asciutto;Asfaltata;Assente;Sereno;Intenso;Buona;Insufficiente;2;0;0;4;12.3592;41.78377;-1;3;Autovettura privata;In marcia / fermata / arresto;Passeggero;F;Rimandato;0;NON DECEDUTO;Non accertato;;
2553549;7;23/10/2015 06:50;Strada Urbana;VIA TOR DE' SCHIAVI;all'intersezione con;VIA DEI GELSI;VIA DEI GELSI;;;Scontro frontale/laterale DX fra veicoli in marcia;Incrocio;Una carreggiata a senso unico di marcia;Asciutto;Asfaltata;Verticale ed orizzontale;Sereno;Normale;Buona;Sufficiente;2;0;0;2;12.56172;41.88784;-1;1;Autovettura privata;In marcia / fermata / arresto;Conducente;M;Illeso;0;;Non accertato;Inesploso;
2553549;7;23/10/2015 06:50;Strada Urbana;VIA TOR DE' SCHIAVI;all'intersezione con;VIA DEI GELSI;VIA DEI GELSI;;;Scontro frontale/laterale DX fra veicoli in marcia;Incrocio;Una carreggiata a senso unico di marcia;Asciutto;Asfaltata;Verticale ed orizzontale;Sereno;Normale;Buona;Sufficiente;2;0;0;2;12.56172;41.88784;-1;2;Autovettura privata;In marcia / fermata / arresto;Conducente;M;Illeso;0;;Non accertato;Esploso;
2553549;7;23/10/2015 06:50;Strada Urbana;VIA TOR DE' SCHIAVI;all'intersezione con;VIA DEI GELSI;VIA DEI GELSI;;;Scontro frontale/laterale DX fra veicoli in marcia;Incrocio;Una carreggiata a senso unico di marcia;Asciutto;Asfaltata;Verticale ed orizzontale;Sereno;Normale;Buona;Sufficiente;2;0;0;2;12.56172;41.88784;-1;2;Autovettura privata;In marcia / fermata / arresto;Passeggero;F;Rimandato;0;NON DECEDUTO;Non accertato;Inesploso;
2553549;7;23/10/2015 06:50;Strada Urbana;VIA TOR DE' SCHIAVI;all'intersezione con;VIA DEI GELSI;VIA DEI GELSI;;;Scontro frontale/laterale DX fra veicoli in marcia;Incrocio;Una carreggiata a senso unico di marcia;Asciutto;Asfaltata;Verticale ed orizzontale;Sereno;Normale;Buona;Sufficiente;2;0;0;2;12.56172;41.88784;-1;2;Autovettura privata;In marcia / fermata / arresto;Passeggero;M;Rimandato;0;NON DECEDUTO;Non accertato;Inesploso;
2553573;5;24/10/2015 12:40;Strada Urbana;VIA TIBURTINA;da specificare;;;;dir.GRA x via Portonaccio ;Scontro laterale fra veicoli in marcia;Pendenza;Una carreggiata a doppio senso;Asciutto;Asfaltata;Verticale ed orizzontale;Sereno;Intenso;Buona;Ore Diurne;0;0;0;5;12.53422;41.90816;-1;1;Autovettura privata;In marcia / fermata / arresto;Conducente;M;Illeso;0;;Non accertato;;
2553573;5;24/10/2015 12:40;Strada Urbana;VIA TIBURTINA;da specificare;;;;dir.GRA x via Portonaccio ;Scontro laterale fra veicoli in marcia;Pendenza;Una carreggiata a doppio senso;Asciutto;Asfaltata;Verticale ed orizzontale;Sereno;Intenso;Buona;Ore Diurne;0;0;0;5;12.53422;41.90816;-1;1;Autovettura privata;In marcia / fermata / arresto;Passeggero;F;Illeso;0;;Non accertato;;
2553573;5;24/10/2015 12:40;Strada Urbana;VIA TIBURTINA;da specificare;;;;dir.GRA x via Portonaccio ;Scontro laterale fra veicoli in marcia;Pendenza;Una carreggiata a doppio senso;Asciutto;Asfaltata;Verticale ed orizzontale;Sereno;Intenso;Buona;Ore Diurne;0;0;0;5;12.53422;41.90816;-1;1;Autovettura privata;In marcia / fermata / arresto;Passeggero;M;Illeso;0;;Non accertato;;
2553573;5;24/10/2015 12:40;Strada Urbana;VIA TIBURTINA;da specificare;;;;dir.GRA x via Portonaccio ;Scontro laterale fra veicoli in marcia;Pendenza;Una carreggiata a doppio senso;Asciutto;Asfaltata;Verticale ed orizzontale;Sereno;Intenso;Buona;Ore Diurne;0;0;0;5;12.53422;41.90816;-1;2;Autocarro inferiore 35 q.;In marcia / fermata / arresto;Conducente;M;Illeso;0;;Non accertato;;
2553573;5;24/10/2015 12:40;Strada Urbana;VIA TIBURTINA;da specificare;;;;dir.GRA x via Portonaccio ;Scontro laterale fra veicoli in marcia;Pendenza;Una carreggiata a doppio senso;Asciutto;Asfaltata;Verticale ed orizzontale;Sereno;Intenso;Buona;Ore Diurne;0;0;0;5;12.53422;41.90816;-1;2;Autocarro inferiore 35 q.;In marcia / fermata / arresto;Passeggero;M;Illeso;0;;Non accertato;;
2553574;4;23/10/2015 12:30;Strada Urbana;VIA RENATO FUCINI;all'intersezione semaforizzata con;VIA LUIGI CAPUANA;VIA LUIGI CAPUANA;;;Scontro frontale/laterale DX fra veicoli in marcia;Intersezione semaforizzata;Due carreggiate;Asciutto;Asfaltata;Verticale ed orizzontale;Sereno;Normale;Buona;Ore Diurne;2;0;0;2;12.54952;41.94986;-1;1;Motociclo con passeggero;In marcia / fermata / arresto;Conducente;F;Rimandato;0;NON DECEDUTO;Non accertato;;
2553574;4;23/10/2015 12:30;Strada Urbana;VIA RENATO FUCINI;all'intersezione semaforizzata con;VIA LUIGI CAPUANA;VIA LUIGI CAPUANA;;;Scontro frontale/laterale DX fra veicoli in marcia;Intersezione semaforizzata;Due carreggiate;Asciutto;Asfaltata;Verticale ed orizzontale;Sereno;Normale;Buona;Ore Diurne;2;0;0;2;12.54952;41.94986;-1;1;Motociclo con passeggero;In marcia / fermata / arresto;Passeggero;F;Rimandato;0;NON DECEDUTO;Non accertato;;
2553574;4;23/10/2015 12:30;Strada Urbana;VIA RENATO FUCINI;all'intersezione semaforizzata con;VIA LUIGI CAPUANA;VIA LUIGI CAPUANA;;;Scontro frontale/laterale DX fra veicoli in marcia;Intersezione semaforizzata;Due carreggiate;Asciutto;Asfaltata;Verticale ed orizzontale;Sereno;Normale;Buona;Ore Diurne;2;0;0;2;12.54952;41.94986;-1;2;Autovettura privata;In marcia / fermata / arresto;Conducente;F;Illeso;0;;Non accertato;Inesploso;
2553574;4;23/10/2015 12:30;Strada Urbana;VIA RENATO FUCINI;all'intersezione semaforizzata con;VIA LUIGI CAPUANA;VIA LUIGI CAPUANA;;;Scontro frontale/laterale DX fra veicoli in marcia;Intersezione semaforizzata;Due carreggiate;Asciutto;Asfaltata;Verticale ed orizzontale;Sereno;Normale;Buona;Ore Diurne;2;0;0;2;12.54952;41.94986;-1;2;Autovettura privata;In marcia / fermata / arresto;Passeggero;M;Illeso;0;;Non accertato;Inesploso;
2553579;7;25/10/2015 22:00;Strada Urbana;VIALE DELLA SERENISSIMA;in corrispondenza;;del palo luce n.;49;;Veicolo in marcia contro veicolo in sosta;Rettilineo;Una carreggiata a senso unico di marcia;Asciutto;Asfaltata;Orizzontale;Sereno;Scarso;Buona;Sufficiente;0;0;0;1;12.55842;41.89732;-1;1;Autovettura privata;In marcia / fermata / arresto;Conducente;M;Illeso;0;;;;
2553581;5;24/10/2015 13:20;Strada Urbana;VIA DELLA VANGA;all'intersezione con;VIA DEL BADILE;VIA DEL BADILE;;;Scontro frontale/laterale DX fra veicoli in marcia;Incrocio;Due carreggiate;Asciutto;Asfaltata;Verticale ed orizzontale;Sereno;Normale;Buona;Ore Diurne;1;0;0;4;12.56293;41.91109;-1;1;Autovettura privata;In marcia / fermata / arresto;Conducente;M;Illeso;0;;Non accertato;;
2553581;5;24/10/2015 13:20;Strada Urbana;VIA DELLA VANGA;all'intersezione con;VIA DEL BADILE;VIA DEL BADILE;;;Scontro frontale/laterale DX fra veicoli in marcia;Incrocio;Due carreggiate;Asciutto;Asfaltata;Verticale ed orizzontale;Sereno;Normale;Buona;Ore Diurne;1;0;0;4;12.56293;41.91109;-1;1;Autovettura privata;In marcia / fermata / arresto;Passeggero;M;Illeso;0;;Non accertato;;
2553581;5;24/10/2015 13:20;Strada Urbana;VIA DELLA VANGA;all'intersezione con;VIA DEL BADILE;VIA DEL BADILE;;;Scontro frontale/laterale DX fra veicoli in marcia;Incrocio;Due carreggiate;Asciutto;Asfaltata;Verticale ed orizzontale;Sereno;Normale;Buona;Ore Diurne;1;0;0;4;12.56293;41.91109;-1;2;Autovettura privata;In marcia / fermata / arresto;Conducente;F;Rimandato;0;NON DECEDUTO;Non accertato;;
2553581;5;24/10/2015 13:20;Strada Urbana;VIA DELLA VANGA;all'intersezione con;VIA DEL BADILE;VIA DEL BADILE;;;Scontro frontale/laterale DX fra veicoli in marcia;Incrocio;Due carreggiate;Asciutto;Asfaltata;Verticale ed orizzontale;Sereno;Normale;Buona;Ore Diurne;1;0;0;4;12.56293;41.91109;-1;2;Autovettura privata;In marcia / fermata / arresto;Passeggero;M;Illeso;0;;Non accertato;;
2553581;5;24/10/2015 13:20;Strada Urbana;VIA DELLA VANGA;all'intersezione con;VIA DEL BADILE;VIA DEL BADILE;;;Scontro frontale/laterale DX fra veicoli in marcia;Incrocio;Due carreggiate;Asciutto;Asfaltata;Verticale ed orizzontale;Sereno;Normale;Buona;Ore Diurne;1;0;0;4;12.56293;41.91109;-1;2;Autovettura privata;In marcia / fermata / arresto;Passeggero;F;Illeso;0;;Non accertato;;
2553582;4;23/10/2015 12:50;Provinciale entro l'abitato;VIA NOMENTANA;all'intersezione semaforizzata con;VIA FABIO NANNARELLI;VIA FABIO NANNARELLI;;;Veicolo in marcia contro ostacolo accidentale;Intersezione semaforizzata;Una carreggiata a doppio senso;Asciutto;Asfaltata;Verticale ed orizzontale;Sereno;Normale;Buona;Ore Diurne;0;0;0;1;12.55238;41.94111;-1;1;Autovettura privata;In marcia / fermata / arresto;Conducente;M;Illeso;0;;;;
2553584;20;25/10/2015 16:30;Strada Urbana;VIA QUERO;all'intersezione con;VIA CODEVIGO;VIA CODEVIGO;;;Scontro frontale fra veicoli in marcia;Intersezione stradale segnalata;Una carreggiata a doppio senso;Asciutto;Asfaltata;Verticale ed orizzontale;Sereno;Scarso;Buona;Ore Diurne;0;0;0;4;12.30644;42.03648;-1;1;Autovettura privata;In marcia / fermata / arresto;Conducente;M;Illeso;0;;;;
2553584;20;25/10/2015 16:30;Strada Urbana;VIA QUERO;all'intersezione con;VIA CODEVIGO;VIA CODEVIGO;;;Scontro frontale fra veicoli in marcia;Intersezione stradale segnalata;Una carreggiata a doppio senso;Asciutto;Asfaltata;Verticale ed orizzontale;Sereno;Scarso;Buona;Ore Diurne;0;0;0;4;12.30644;42.03648;-1;1;Autovettura privata;In marcia / fermata / arresto;Passeggero;F;Illeso;0;;;;
2553584;20;25/10/2015 16:30;Strada Urbana;VIA QUERO;all'intersezione con;VIA CODEVIGO;VIA CODEVIGO;;;Scontro frontale fra veicoli in marcia;Intersezione stradale segnalata;Una carreggiata a doppio senso;Asciutto;Asfaltata;Verticale ed orizzontale;Sereno;Scarso;Buona;Ore Diurne;0;0;0;4;12.30644;42.03648;-1;1;Autovettura privata;In marcia / fermata / arresto;Passeggero;F;Illeso;0;;;;
2553584;20;25/10/2015 16:30;Strada Urbana;VIA QUERO;all'intersezione con;VIA CODEVIGO;VIA CODEVIGO;;;Scontro frontale fra veicoli in marcia;Intersezione stradale segnalata;Una carreggiata a doppio senso;Asciutto;Asfaltata;Verticale ed orizzontale;Sereno;Scarso;Buona;Ore Diurne;0;0;0;4;12.30644;42.03648;-1;2;Autobus urbano;In marcia / fermata / arresto;Conducente;M;Illeso;0;;;;
2553592;19;24/10/2015 08:15;Strada Urbana;VIA DI S. CLETO PAPA;da specificare;;;;fronte civ. 8;Tamponamento;Rettilineo;Una carreggiata a doppio senso;Asciutto;Asfaltata;Orizzontale;Sereno;Scarso;Buona;Ore Diurne;0;0;0;5;12.42294;41.92261;-1;1;Autovettura privata;In marcia / fermata / arresto;Conducente;M;Illeso;0;;;;
2553592;19;24/10/2015 08:15;Strada Urbana;VIA DI S. CLETO PAPA;da specificare;;;;fronte civ. 8;Tamponamento;Rettilineo;Una carreggiata a doppio senso;Asciutto;Asfaltata;Orizzontale;Sereno;Scarso;Buona;Ore Diurne;0;0;0;5;12.42294;41.92261;-1;1;Autovettura privata;In marcia / fermata / arresto;Passeggero;M;Illeso;0;;;;
2553592;19;24/10/2015 08:15;Strada Urbana;VIA DI S. CLETO PAPA;da specificare;;;;fronte civ. 8;Tamponamento;Rettilineo;Una carreggiata a doppio senso;Asciutto;Asfaltata;Orizzontale;Sereno;Scarso;Buona;Ore Diurne;0;0;0;5;12.42294;41.92261;-1;1;Autovettura privata;In marcia / fermata / arresto;Passeggero;F;Illeso;0;;;;
2553592;19;24/10/2015 08:15;Strada Urbana;VIA DI S. CLETO PAPA;da specificare;;;;fronte civ. 8;Tamponamento;Rettilineo;Una carreggiata a doppio senso;Asciutto;Asfaltata;Orizzontale;Sereno;Scarso;Buona;Ore Diurne;0;0;0;5;12.42294;41.92261;-1;2;Autovettura privata;In marcia / fermata / arresto;Conducente;M;Illeso;0;;;;
2553592;19;24/10/2015 08:15;Strada Urbana;VIA DI S. CLETO PAPA;da specificare;;;;fronte civ. 8;Tamponamento;Rettilineo;Una carreggiata a doppio senso;Asciutto;Asfaltata;Orizzontale;Sereno;Scarso;Buona;Ore Diurne;0;0;0;5;12.42294;41.92261;-1;2;Autovettura privata;In marcia / fermata / arresto;Passeggero;F;Illeso;0;;;;
2553593;10;26/10/2015 07:20;Strada Urbana;VIA RANUCCIO BIANCHI BANDINELLI;in corrispondenza;;del civico n.;3;;Tamponamento Multiplo;Rettilineo;Una carreggiata a doppio senso;Asciutto;Asfaltata;Orizzontale;Nuvoloso;Normale;Buona;Ore Diurne;1;0;0;2;12.5821;41.82141;-1;1;Autovettura privata;In marcia / fermata / arresto;Conducente;M;Illeso;0;;Non accertato;Inesploso;
2553593;10;26/10/2015 07:20;Strada Urbana;VIA RANUCCIO BIANCHI BANDINELLI;in corrispondenza;;del civico n.;3;;Tamponamento Multiplo;Rettilineo;Una carreggiata a doppio senso;Asciutto;Asfaltata;Orizzontale;Nuvoloso;Normale;Buona;Ore Diurne;1;0;0;2;12.5821;41.82141;-1;2;Autovettura privata;In marcia / fermata / arresto;Conducente;F;Rimandato;0;NON DECEDUTO;Non accertato;Inesploso;
2553593;10;26/10/2015 07:20;Strada Urbana;VIA RANUCCIO BIANCHI BANDINELLI;in corrispondenza;;del civico n.;3;;Tamponamento Multiplo;Rettilineo;Una carreggiata a doppio senso;Asciutto;Asfaltata;Orizzontale;Nuvoloso;Normale;Buona;Ore Diurne;1;0;0;2;12.5821;41.82141;-1;3;Autovettura privata;In marcia / fermata / arresto;Conducente;M;Illeso;0;;Non accertato;Inesploso;
2553602;5;24/10/2015 17:40;Strada Urbana;VIA DEI MONTI TIBURTINI;in prossimità;;del civico n.;481;;Scontro laterale fra veicoli in marcia;Rettilineo;Due carreggiate;Asciutto;Asfaltata;Verticale ed orizzontale;Sereno;Normale;Buona;Ore Diurne;0;0;0;2;12.55124;41.91435;-1;1;Autovettura privata;In marcia / fermata / arresto;Conducente;M;Illeso;0;;Non accertato;Inesploso;
2553602;5;24/10/2015 17:40;Strada Urbana;VIA DEI MONTI TIBURTINI;in prossimità;;del civico n.;481;;Scontro laterale fra veicoli in marcia;Rettilineo;Due carreggiate;Asciutto;Asfaltata;Verticale ed orizzontale;Sereno;Normale;Buona;Ore Diurne;0;0;0;2;12.55124;41.91435;-1;2;Autovettura privata;In marcia / fermata / arresto;Conducente;M;Illeso;0;;Non accertato;Inesploso;
2553607;19;23/10/2015 15:30;Strada Urbana;VIALE DELLE MEDAGLIE D'ORO;in prossimità;;del civico n.;425;;Scontro frontale/laterale DX fra veicoli in marcia;Rettilineo;Una carreggiata a doppio senso;Asciutto;Asfaltata;Orizzontale;Sereno;Normale;Buona;Ore Diurne;0;0;0;1;12.44587;41.92354;-1;1;Quadriciclo leggero;In marcia / fermata / arresto;Conducente;F;Illeso;0;;;;
2553608;5;24/10/2015 18:45;Strada Urbana;VIA DELLE CAVE DI PIETRALATA;all'intersezione con;VIA OLINDO MALAGODI;VIA OLINDO MALAGODI;;;Scontro frontale/laterale DX fra veicoli in marcia;Intersezione stradale segnalata;Una carreggiata a doppio senso;Asciutto;Asfaltata;Verticale ed orizzontale;Sereno;Intenso;Buona;Sufficiente;0;0;0;2;12.53677;41.90878;-1;1;Autovettura privata;In marcia / fermata / arresto;Conducente;M;Illeso;0;;Non accertato;;
2553608;5;24/10/2015 18:45;Strada Urbana;VIA DELLE CAVE DI PIETRALATA;all'intersezione con;VIA OLINDO MALAGODI;VIA OLINDO MALAGODI;;;Scontro frontale/laterale DX fra veicoli in marcia;Intersezione stradale segnalata;Una carreggiata a doppio senso;Asciutto;Asfaltata;Verticale ed orizzontale;Sereno;Intenso;Buona;Sufficiente;0;0;0;2;12.53677;41.90878;-1;2;Autovettura privata;In marcia / fermata / arresto;Conducente;M;Illeso;0;;Non accertato;;
2553613;19;25/10/2015 18:05;Strada Urbana;VIA DI BOCCEA;da specificare;;;;1° curva dopo Hotel Castrum direz. S.M.Galeria;Scontro frontale fra veicoli in marcia;Curva senza visuale libera;Una carreggiata a doppio senso;Asciutto;Asfaltata;Orizzontale;Sereno;Scarso;Insufficiente;Inesistente;0;0;0;5;12.31311;41.95569;-1;1;Autovettura privata;In marcia / fermata / arresto;Conducente;M;Illeso;0;;Non accertato;Inesploso;
2553613;19;25/10/2015 18:05;Strada Urbana;VIA DI BOCCEA;da specificare;;;;1° curva dopo Hotel Castrum direz. S.M.Galeria;Scontro frontale fra veicoli in marcia;Curva senza visuale libera;Una carreggiata a doppio senso;Asciutto;Asfaltata;Orizzontale;Sereno;Scarso;Insufficiente;Inesistente;0;0;0;5;12.31311;41.95569;-1;1;Autovettura privata;In marcia / fermata / arresto;Passeggero;F;Illeso;0;;Non accertato;Inesploso;
2553613;19;25/10/2015 18:05;Strada Urbana;VIA DI BOCCEA;da specificare;;;;1° curva dopo Hotel Castrum direz. S.M.Galeria;Scontro frontale fra veicoli in marcia;Curva senza visuale libera;Una carreggiata a doppio senso;Asciutto;Asfaltata;Orizzontale;Sereno;Scarso;Insufficiente;Inesistente;0;0;0;5;12.31311;41.95569;-1;2;Autovettura privata;In marcia / fermata / arresto;Conducente;M;Illeso;0;;Non accertato;Inesploso;
2553613;19;25/10/2015 18:05;Strada Urbana;VIA DI BOCCEA;da specificare;;;;1° curva dopo Hotel Castrum direz. S.M.Galeria;Scontro frontale fra veicoli in marcia;Curva senza visuale libera;Una carreggiata a doppio senso;Asciutto;Asfaltata;Orizzontale;Sereno;Scarso;Insufficiente;Inesistente;0;0;0;5;12.31311;41.95569;-1;2;Autovettura privata;In marcia / fermata / arresto;Passeggero;F;Illeso;0;;Non accertato;Inesploso;
2553613;19;25/10/2015 18:05;Strada Urbana;VIA DI BOCCEA;da specificare;;;;1° curva dopo Hotel Castrum direz. S.M.Galeria;Scontro frontale fra veicoli in marcia;Curva senza visuale libera;Una carreggiata a doppio senso;Asciutto;Asfaltata;Orizzontale;Sereno;Scarso;Insufficiente;Inesistente;0;0;0;5;12.31311;41.95569;-1;2;Autovettura privata;In marcia / fermata / arresto;Passeggero;F;Illeso;0;;Non accertato;Inesploso;
2553617;5;25/10/2015 01:05;Strada Urbana;NUOVA CIRCONVALLAZIONE INTERNA;da specificare;;;;rampa uscita monti tiburtini dir. tiburtina;Veicolo in marcia contro ostacolo accidentale;Rettilineo;Due carreggiate;Asciutto;Asfaltata;Orizzontale;Sereno;Scarso;Buona;Sufficiente;0;0;0;2;12.53098;41.91358;-1;1;Autovettura privata;In marcia / fermata / arresto;Conducente;F;Illeso;0;;Non accertato;;
2553617;5;25/10/2015 01:05;Strada Urbana;NUOVA CIRCONVALLAZIONE INTERNA;da specificare;;;;rampa uscita monti tiburtini dir. tiburtina;Veicolo in marcia contro ostacolo accidentale;Rettilineo;Due carreggiate;Asciutto;Asfaltata;Orizzontale;Sereno;Scarso;Buona;Sufficiente;0;0;0;2;12.53098;41.91358;-1;1;Autovettura privata;In marcia / fermata / arresto;Passeggero;F;Illeso;0;;Non accertato;;
2553618;19;25/10/2015 12:40;Strada Urbana;VIA DI TORREVECCHIA;all'intersezione con;VIA GIOVANNI D'ANDREA;VIA GIOVANNI D'ANDREA;;;Scontro frontale fra veicoli in marcia;Incrocio;Una carreggiata a doppio senso;Asciutto;Asfaltata;Verticale ed orizzontale;Sereno;Normale;Buona;Ore Diurne;0;0;0;4;12.4123;41.92339;-1;1;Motociclo a solo;In marcia / fermata / arresto;Conducente;M;Illeso;0;;;;
2553618;19;25/10/2015 12:40;Strada Urbana;VIA DI TORREVECCHIA;all'intersezione con;VIA GIOVANNI D'ANDREA;VIA GIOVANNI D'ANDREA;;;Scontro frontale fra veicoli in marcia;Incrocio;Una carreggiata a doppio senso;Asciutto;Asfaltata;Verticale ed orizzontale;Sereno;Normale;Buona;Ore Diurne;0;0;0;4;12.4123;41.92339;-1;2;Autovettura privata;In marcia / fermata / arresto;Conducente;M;Illeso;0;;;;
2553618;19;25/10/2015 12:40;Strada Urbana;VIA DI TORREVECCHIA;all'intersezione con;VIA GIOVANNI D'ANDREA;VIA GIOVANNI D'ANDREA;;;Scontro frontale fra veicoli in marcia;Incrocio;Una carreggiata a doppio senso;Asciutto;Asfaltata;Verticale ed orizzontale;Sereno;Normale;Buona;Ore Diurne;0;0;0;4;12.4123;41.92339;-1;2;Autovettura privata;In marcia / fermata / arresto;Passeggero;F;Illeso;0;;;;
2553618;19;25/10/2015 12:40;Strada Urbana;VIA DI TORREVECCHIA;all'intersezione con;VIA GIOVANNI D'ANDREA;VIA GIOVANNI D'ANDREA;;;Scontro frontale fra veicoli in marcia;Incrocio;Una carreggiata a doppio senso;Asciutto;Asfaltata;Verticale ed orizzontale;Sereno;Normale;Buona;Ore Diurne;0;0;0;4;12.4123;41.92339;-1;2;Autovettura privata;In marcia / fermata / arresto;Passeggero;M;Illeso;0;;;;
2553649;19;23/10/2015 21:20;Strada Urbana;VIA DI SELVA NERA;all'intersezione con;VIA ARGENTERA;VIA ARGENTERA;;;Scontro frontale/laterale SX fra veicoli in marcia;Incrocio;Una carreggiata a doppio senso;Asciutto;Asfaltata;Assente;Sereno;Normale;Buona;Sufficiente;1;0;0;2;12.3648;41.93538;-1;1;Autovettura privata;In marcia / fermata / arresto;Conducente;F;Illeso;0;;;;
2553649;19;23/10/2015 21:20;Strada Urbana;VIA DI SELVA NERA;all'intersezione con;VIA ARGENTERA;VIA ARGENTERA;;;Scontro frontale/laterale SX fra veicoli in marcia;Incrocio;Una carreggiata a doppio senso;Asciutto;Asfaltata;Assente;Sereno;Normale;Buona;Sufficiente;1;0;0;2;12.3648;41.93538;-1;1;Autovettura privata;In marcia / fermata / arresto;Passeggero;M;Illeso;0;;;;
2553649;19;23/10/2015 21:20;Strada Urbana;VIA DI SELVA NERA;all'intersezione con;VIA ARGENTERA;VIA ARGENTERA;;;Scontro frontale/laterale SX fra veicoli in marcia;Incrocio;Una carreggiata a doppio senso;Asciutto;Asfaltata;Assente;Sereno;Normale;Buona;Sufficiente;1;0;0;2;12.3648;41.93538;-1;2;Ciclomotore;In marcia / fermata / arresto;Conducente;M;Rimandato;0;NON DECEDUTO;;;
2553655;19;25/10/2015 22:30;Strada Urbana;VIA AURELIA;all'intersezione con;PIAZZA S. GIOVANNI BATTISTA DE LA SALLE;PIAZZA S. GIOVANNI BATTISTA DE LA SALLE;;;Scontro frontale/laterale DX fra veicoli in marcia;Incrocio;Due carreggiate;Asciutto;Asfaltata;Verticale ed orizzontale;Sereno;Normale;Sufficiente;Sufficiente;0;0;0;3;12.64918;41.74509;-1;1;Autovettura privata;In marcia / fermata / arresto;Conducente;F;Illeso;0;;;;
2553655;19;25/10/2015 22:30;Strada Urbana;VIA AURELIA;all'intersezione con;PIAZZA S. GIOVANNI BATTISTA DE LA SALLE;PIAZZA S. GIOVANNI BATTISTA DE LA SALLE;;;Scontro frontale/laterale DX fra veicoli in marcia;Incrocio;Due carreggiate;Asciutto;Asfaltata;Verticale ed orizzontale;Sereno;Normale;Sufficiente;Sufficiente;0;0;0;3;12.64918;41.74509;-1;1;Autovettura privata;In marcia / fermata / arresto;Passeggero;F;Illeso;0;;;;