Protocollo;Gruppo;DataOraIncidente;Localizzazione1;STRADA1;Localizzazione2;STRADA2;Strada02;Chilometrica;DaSpecificare;NaturaIncidente;particolaritastrade;TipoStrada;FondoStradale;Pavimentazione;Segnaletica;CondizioneAtmosferica;Traffico;Visibilita;Illuminazione;NUM_FERITI;NUM_RISERVATA;NUM_MORTI;NUM_ILLESI;Longitudine;Latitudine;Confermato;Progressivo;TipoVeicolo;StatoVeicolo;TipoPersona;Sesso;Tipolesione;Deceduto;DecedutoDopo;CinturaCascoUtilizzato;Airbag;
2555272;16;21/10/2015 10:35;Strada Urbana;VIALE DEI COLLI PORTUENSI;in prossimità;;del civico n.;347;;Scontro laterale fra veicoli in marcia;Rettilineo;Due carreggiate;Asciutto;Asfaltata;Verticale;Nuvoloso;Normale;Buona;Ore Diurne;0;0;0;4;12.44404;41.86632;-1;1;Motociclo con passeggero;In marcia / fermata / arresto;Conducente;M;Illeso;0;;Non accertato;;
2555272;16;21/10/2015 10:35;Strada Urbana;VIALE DEI COLLI PORTUENSI;in prossimità;;del civico n.;347;;Scontro laterale fra veicoli in marcia;Rettilineo;Due carreggiate;Asciutto;Asfaltata;Verticale;Nuvoloso;Normale;Buona;Ore Diurne;0;0;0;4;12.44404;41.86632;-1;1;Motociclo con passeggero;In marcia / fermata / arresto;Passeggero;F;Illeso;0;;Non accertato;;
2555272;16;21/10/2015 10:35;Strada Urbana;VIALE DEI COLLI PORTUENSI;in prossimità;;del civico n.;347;;Scontro laterale fra veicoli in marcia;Rettilineo;Due carreggiate;Asciutto;Asfaltata;Verticale;Nuvoloso;Normale;Buona;Ore Diurne;0;0;0;4;12.44404;41.86632;-1;2;Autovettura privata;In marcia / fermata / arresto;Conducente;M;Illeso;0;;Non accertato;Inesploso;
2555272;16;21/10/2015 10:35;Strada Urbana;VIALE DEI COLLI PORTUENSI;in prossimità;;del civico n.;347;;Scontro laterale fra veicoli in marcia;Rettilineo;Due carreggiate;Asciutto;Asfaltata;Verticale;Nuvoloso;Normale;Buona;Ore Diurne;0;0;0;4;12.44404;41.86632;-1;2;Autovettura privata;In marcia / fermata / arresto;Passeggero;F;Illeso;0;;Non accertato;Inesploso;
2555276;1;27/10/2015 08:30;Strada Urbana;VIALE DELLE TERME DI CARACALLA;da specificare;;;;Palo luce 65 ;Tamponamento;Rettilineo;Più di due carreggiate;Asciutto;Asfaltata;Orizzontale;Sereno;Normale;Buona;Ore Diurne;0;0;0;2;12.49443;41.88073;-1;1;Autovettura privata;In marcia / fermata / arresto;Conducente;M;Illeso;0;;;;
2555276;1;27/10/2015 08:30;Strada Urbana;VIALE DELLE TERME DI CARACALLA;da specificare;;;;Palo luce 65 ;Tamponamento;Rettilineo;Più di due carreggiate;Asciutto;Asfaltata;Orizzontale;Sereno;Normale;Buona;Ore Diurne;0;0;0;2;12.49443;41.88073;-1;2;Autovettura privata;In marcia / fermata / arresto;Conducente;F;Illeso;0;;;;
2555300;12;24/10/2015 05:30;Strada Urbana;VIA CRISTOFORO COLOMBO;all'intersezione semaforizzata con;VIALE DELLA CIVILTA' DEL LAVORO;VIALE DELLA CIVILTA' DEL LAVORO;;;Scontro frontale/laterale DX fra veicoli in marcia;Intersezione semaforizzata;Più di due carreggiate;Asciutto;Asfaltata;Verticale ed orizzontale;Sereno;Scarso;Buona;Sufficiente;0;0;0;2;12.4705;41.83342;-1;1;Autovettura privata;In marcia / fermata / arresto;Conducente;M;Illeso;0;;Utilizzato;Inesploso;
2555300;12;24/10/2015 05:30;Strada Urbana;VIA CRISTOFORO COLOMBO;all'intersezione semaforizzata con;VIALE DELLA CIVILTA' DEL LAVORO;VIALE DELLA CIVILTA' DEL LAVORO;;;Scontro frontale/laterale DX fra veicoli in marcia;Intersezione semaforizzata;Più di due carreggiate;Asciutto;Asfaltata;Verticale ed orizzontale;Sereno;Scarso;Buona;Sufficiente;0;0;0;2;12.4705;41.83342;-1;2;Autobus urbano;In marcia / fermata / arresto;Conducente;F;Illeso;0;;Esente;Inesploso;
2555310;4;26/10/2015 08:30;Strada Urbana;VIA GIORGIO MOSER;all'intersezione con;VIA MARIO SOLDATI;VIA MARIO SOLDATI;;;Infortunio per sola frenata improvvisa;Incrocio;Una carreggiata a doppio senso;Asciutto;Asfaltata;Verticale ed orizzontale;Nuvoloso;Normale;Buona;Ore Diurne;1;0;0;1;12.5362;41.9715;-1;1;Autovettura privata;In marcia / fermata / arresto;Conducente;F;Illeso;0;;Non accertato;;
2555310;4;26/10/2015 08:30;Strada Urbana;VIA GIORGIO MOSER;all'intersezione con;VIA MARIO SOLDATI;VIA MARIO SOLDATI;;;Infortunio per sola frenata improvvisa;Incrocio;Una carreggiata a doppio senso;Asciutto;Asfaltata;Verticale ed orizzontale;Nuvoloso;Normale;Buona;Ore Diurne;1;0;0;1;12.5362;41.9715;-1;2;Motociclo a solo;In marcia / fermata / arresto;Conducente;M;Rimandato;0;NON DECEDUTO;Non accertato;;
2555317;17;26/10/2015 20:25;Strada Urbana;PIAZZALE CLODIO;da specificare;;;;fronte via Golametto;Scontro laterale fra veicoli in marcia;Rettilineo;Una carreggiata a senso unico di marcia;Asciutto;Asfaltata;Orizzontale;Nuvoloso;Normale;Buona;Sufficiente;0;0;0;4;12.45517;41.91692;-1;1;Autovettura privata;In marcia / fermata / arresto;Conducente;M;Illeso;0;;Non accertato;Inesploso;
2555317;17;26/10/2015 20:25;Strada Urbana;PIAZZALE CLODIO;da specificare;;;;fronte via Golametto;Scontro laterale fra veicoli in marcia;Rettilineo;Una carreggiata a senso unico di marcia;Asciutto;Asfaltata;Orizzontale;Nuvoloso;Normale;Buona;Sufficiente;0;0;0;4;12.45517;41.91692;-1;1;Autovettura privata;In marcia / fermata / arresto;Passeggero;M;Illeso;0;;Non accertato;Inesploso;
2555317;17;26/10/2015 20:25;Strada Urbana;PIAZZALE CLODIO;da specificare;;;;fronte via Golametto;Scontro laterale fra veicoli in marcia;Rettilineo;Una carreggiata a senso unico di marcia;Asciutto;Asfaltata;Orizzontale;Nuvoloso;Normale;Buona;Sufficiente;0;0;0;4;12.45517;41.91692;-1;1;Autovettura privata;In marcia / fermata / arresto;Passeggero;F;Illeso;0;;Non accertato;Inesploso;
2555317;17;26/10/2015 20:25;Strada Urbana;PIAZZALE CLODIO;da specificare;;;;fronte via Golametto;Scontro laterale fra veicoli in marcia;Rettilineo;Una carreggiata a senso unico di marcia;Asciutto;Asfaltata;Orizzontale;Nuvoloso;Normale;Buona;Sufficiente;0;0;0;4;12.45517;41.91692;-1;2;Autovettura privata;In marcia / fermata / arresto;Conducente;M;Illeso;0;;Non accertato;Inesploso;
2555319;8;26/10/2015 18:45;Strada Urbana;VIALE DEI ROMANISTI;in corrispondenza;;del palo luce n.;58;;Scontro frontale/laterale DX fra veicoli in marcia;Rettilineo;Una carreggiata a doppio senso;Asciutto;Asfaltata;Verticale ed orizzontale;Sereno;Normale;Buona;Sufficiente;0;0;0;2;12.57733;41.86753;-1;1;Autovettura privata;In marcia / fermata / arresto;Conducente;M;Illeso;0;;Non accertato;Inesploso;
2555319;8;26/10/2015 18:45;Strada Urbana;VIALE DEI ROMANISTI;in corrispondenza;;del palo luce n.;58;;Scontro frontale/laterale DX fra veicoli in marcia;Rettilineo;Una carreggiata a doppio senso;Asciutto;Asfaltata;Verticale ed orizzontale;Sereno;Normale;Buona;Sufficiente;0;0;0;2;12.57733;41.86753;-1;2;Autocarro inferiore 35 q.;In marcia / fermata / arresto;Conducente;M;Illeso;0;;Non accertato;Inesploso;
2555326;8;26/10/2015 20:00;Strada Urbana;VIA PIETRO PAOLO TROMPEO;in corrispondenza;;del civico n.;22;;Veicolo in marcia contro ostacolo accidentale;Rettilineo;Una carreggiata a doppio senso;Asciutto;Con buche;Assente;Sereno;Normale;Sufficiente;Sufficiente;1;0;0;0;12.61771;41.86947;-1;1;Motociclo a solo;In marcia / fermata / arresto;Conducente;M;Rifiuta cure immediate;0;NON DECEDUTO;Non accertato;;
2555344;4;27/10/2015 07:40;Provinciale entro l'abitato;VIA NOMENTANA;in corrispondenza;;del civico n.;681 e;;Scontro laterale fra veicoli in marcia;Rettilineo;Una carreggiata a doppio senso;Asciutto;Asfaltata;Verticale ed orizzontale;Sereno;Intenso;Buona;Ore Diurne;0;0;0;2;12.53809;41.93618;-1;1;Autovettura privata;In marcia / fermata / arresto;Conducente;F;Illeso;0;;Non accertato;Inesploso;
2555344;4;27/10/2015 07:40;Provinciale entro l'abitato;VIA NOMENTANA;in corrispondenza;;del civico n.;681 e;;Scontro laterale fra veicoli in marcia;Rettilineo;Una carreggiata a doppio senso;Asciutto;Asfaltata;Verticale ed orizzontale;Sereno;Intenso;Buona;Ore Diurne;0;0;0;2;12.53809;41.93618;-1;2;Autovettura privata;In marcia / fermata / arresto;Conducente;F;Illeso;0;;Non accertato;Inesploso;
2555348;16;26/10/2015 09:10;Strada Urbana;VIALE ISACCO NEWTON;in prossimità;;del civico n.;f.c.95;;Investimento di pedone;Rettilineo;Due carreggiate;Asciutto;Asfaltata;Verticale ed orizzontale;Sereno;Normale;Buona;Ore Diurne;1;0;0;1;12.4404;41.85571;-1;;;;Pedone;M;Rimandato;0;NON DECEDUTO;;;
2555348;16;26/10/2015 09:10;Strada Urbana;VIALE ISACCO NEWTON;in prossimità;;del civico n.;f.c.95;;Investimento di pedone;Rettilineo;Due carreggiate;Asciutto;Asfaltata;Verticale ed orizzontale;Sereno;Normale;Buona;Ore Diurne;1;0;0;1;12.4404;41.85571;-1;1;Motociclo a solo;In marcia / fermata / arresto;Conducente;M;Illeso;0;;Non accertato;;
2555356;2;26/10/2015 15:30;Strada Urbana;VIA DEI GIORDANI;all'intersezione con;VIA DI TRASONE;VIA DI TRASONE;;;Scontro frontale/laterale SX fra veicoli in marcia;Intersezione stradale segnalata;Una carreggiata a senso unico di marcia;Asciutto;Asfaltata;Verticale ed orizzontale;Sereno;Normale;Buona;Ore Diurne;0;0;0;4;12.51021;41.9286;-1;1;Autovettura privata;In marcia / fermata / arresto;Conducente;M;Illeso;0;;;;
2555356;2;26/10/2015 15:30;Strada Urbana;VIA DEI GIORDANI;all'intersezione con;VIA DI TRASONE;VIA DI TRASONE;;;Scontro frontale/laterale SX fra veicoli in marcia;Intersezione stradale segnalata;Una carreggiata a senso unico di marcia;Asciutto;Asfaltata;Verticale ed orizzontale;Sereno;Normale;Buona;Ore Diurne;0;0;0;4;12.51021;41.9286;-1;2;Autovettura privata;In marcia / fermata / arresto;Conducente;M;Illeso;0;;;;
2555356;2;26/10/2015 15:30;Strada Urbana;VIA DEI GIORDANI;all'intersezione con;VIA DI TRASONE;VIA DI TRASONE;;;Scontro frontale/laterale SX fra veicoli in marcia;Intersezione stradale segnalata;Una carreggiata a senso unico di marcia;Asciutto;Asfaltata;Verticale ed orizzontale;Sereno;Normale;Buona;Ore Diurne;0;0;0;4;12.51021;41.9286;-1;2;Autovettura privata;In marcia / fermata / arresto;Passeggero;M;Illeso;0;;;;
2555356;2;26/10/2015 15:30;Strada Urbana;VIA DEI GIORDANI;all'intersezione con;VIA DI TRASONE;VIA DI TRASONE;;;Scontro frontale/laterale SX fra veicoli in marcia;Intersezione stradale segnalata;Una carreggiata a senso unico di marcia;Asciutto;Asfaltata;Verticale ed orizzontale;Sereno;Normale;Buona;Ore Diurne;0;0;0;4;12.51021;41.9286;-1;2;Autovettura privata;In marcia / fermata / arresto;Passeggero;F;Illeso;0;;;;
2555369;17;27/10/2015 09:10;Strada Urbana;PIAZZA DELLA LIBERTA';da specificare;;;;rampa immissione Lungotevere Michelangelo;Scontro laterale fra veicoli in marcia;Rettilineo;Una carreggiata a senso unico di marcia;Asciutto;Asfaltata;Verticale ed orizzontale;Nuvoloso;Normale;Buona;Ore Diurne;0;0;0;4;12.47116;41.90946;-1;1;Autovettura privata;In marcia / fermata / arresto;Conducente;M;Illeso;0;;Non accertato;;
2555369;17;27/10/2015 09:10;Strada Urbana;PIAZZA DELLA LIBERTA';da specificare;;;;rampa immissione Lungotevere Michelangelo;Scontro laterale fra veicoli in marcia;Rettilineo;Una carreggiata a senso unico di marcia;Asciutto;Asfaltata;Verticale ed orizzontale;Nuvoloso;Normale;Buona;Ore Diurne;0;0;0;4;12.47116;41.90946;-1;1;Autovettura privata;In marcia / fermata / arresto;Passeggero;M;Illeso;0;;;;
2555369;17;27/10/2015 09:10;Strada Urbana;PIAZZA DELLA LIBERTA';da specificare;;;;rampa immissione Lungotevere Michelangelo;Scontro laterale fra veicoli in marcia;Rettilineo;Una carreggiata a senso unico di marcia;Asciutto;Asfaltata;Verticale ed orizzontale;Nuvoloso;Normale;Buona;Ore Diurne;0;0;0;4;12.47116;41.90946;-1;2;Autovettura privata;In marcia / fermata / arresto;Conducente;M;Illeso;0;;Non accertato;;
2555369;17;27/10/2015 09:10;Strada Urbana;PIAZZA DELLA LIBERTA';da specificare;;;;rampa immissione Lungotevere Michelangelo;Scontro laterale fra veicoli in marcia;Rettilineo;Una carreggiata a senso unico di marcia;Asciutto;Asfaltata;Verticale ed orizzontale;Nuvoloso;Normale;Buona;Ore Diurne;0;0;0;4;12.47116;41.90946;-1;2;Autovettura privata;In marcia / fermata / arresto;Passeggero;F;Illeso;0;;;;
2555375;17;26/10/2015 14:10;Strada Urbana;PIAZZALE CLODIO;all'intersezione con;VIA DELLA GIULIANA;VIA DELLA GIULIANA;;;Scontro laterale fra veicoli in marcia;Intersezione semaforizzata;Due carreggiate;Asciutto;Asfaltata;Verticale ed orizzontale;Sereno;Normale;Buona;Ore Diurne;0;0;0;6;12.4536;41.91561;-1;1;Autoambulanza;In marcia / fermata / arresto;Conducente;M;Illeso;0;;;;
2555375;17;26/10/2015 14:10;Strada Urbana;PIAZZALE CLODIO;all'intersezione con;VIA DELLA GIULIANA;VIA DELLA GIULIANA;;;Scontro laterale fra veicoli in marcia;Intersezione semaforizzata;Due carreggiate;Asciutto;Asfaltata;Verticale ed orizzontale;Sereno;Normale;Buona;Ore Diurne;0;0;0;6;12.4536;41.91561;-1;1;Autoambulanza;In marcia / fermata / arresto;Passeggero;M;Illeso;0;;;;
2555375;17;26/10/2015 14:10;Strada Urbana;PIAZZALE CLODIO;all'intersezione con;VIA DELLA GIULIANA;VIA DELLA GIULIANA;;;Scontro laterale fra veicoli in marcia;Intersezione semaforizzata;Due carreggiate;Asciutto;Asfaltata;Verticale ed orizzontale;Sereno;Normale;Buona;Ore Diurne;0;0;0;6;12.4536;41.91561;-1;1;Autoambulanza;In marcia / fermata / arresto;Passeggero;F;Illeso;0;;;;
2555375;17;26/10/2015 14:10;Strada Urbana;PIAZZALE CLODIO;all'intersezione con;VIA DELLA GIULIANA;VIA DELLA GIULIANA;;;Scontro laterale fra veicoli in marcia;Intersezione semaforizzata;Due carreggiate;Asciutto;Asfaltata;Verticale ed orizzontale;Sereno;Normale;Buona;Ore Diurne;0;0;0;6;12.4536;41.91561;-1;2;Autovettura privata;In marcia / fermata / arresto;Conducente;M;Illeso;0;;;;
2555375;17;26/10/2015 14:10;Strada Urbana;PIAZZALE CLODIO;all'intersezione con;VIA DELLA GIULIANA;VIA DELLA GIULIANA;;;Scontro laterale fra veicoli in marcia;Intersezione semaforizzata;Due carreggiate;Asciutto;Asfaltata;Verticale ed orizzontale;Sereno;Normale;Buona;Ore Diurne;0;0;0;6;12.4536;41.91561;-1;2;Autovettura privata;In marcia / fermata / arresto;Passeggero;F;Illeso;0;;;;
2555376;16;26/10/2015 11:40;Strada Urbana;CIRCONVALLAZIONE GIANICOLENSE;all'intersezione semaforizzata con;VIA QUIRINO MAJORANA;VIA QUIRINO MAJORANA;;;Scontro laterale fra veicoli in marcia;Incrocio;Più di due carreggiate;Asciutto;Asfaltata;Verticale ed orizzontale;Sereno;Normale;Buona;Ore Diurne;0;0;0;3;12.45943;41.87167;-1;1;Autovettura privata;In marcia / fermata / arresto;Conducente;M;Illeso;0;;Non accertato;Inesploso;
2555376;16;26/10/2015 11:40;Strada Urbana;CIRCONVALLAZIONE GIANICOLENSE;all'intersezione semaforizzata con;VIA QUIRINO MAJORANA;VIA QUIRINO MAJORANA;;;Scontro laterale fra veicoli in marcia;Incrocio;Più di due carreggiate;Asciutto;Asfaltata;Verticale ed orizzontale;Sereno;Normale;Buona;Ore Diurne;0;0;0;3;12.45943;41.87167;-1;1;Autovettura privata;In marcia / fermata / arresto;Passeggero;F;Illeso;0;;Non accertato;Inesploso;
2555376;16;26/10/2015 11:40;Strada Urbana;CIRCONVALLAZIONE GIANICOLENSE;all'intersezione semaforizzata con;VIA QUIRINO MAJORANA;VIA QUIRINO MAJORANA;;;Scontro laterale fra veicoli in marcia;Incrocio;Più di due carreggiate;Asciutto;Asfaltata;Verticale ed orizzontale;Sereno;Normale;Buona;Ore Diurne;0;0;0;3;12.45943;41.87167;-1;2;Autocarro inferiore 35 q.;In marcia / fermata / arresto;Conducente;M;Illeso;0;;Non accertato;Inesploso;
2555390;12;26/10/2015 10:00;Strada Urbana;VIALE GUGLIELMO MARCONI;da specificare;;;;sottovia Via C. Colombo (Direzione Laurentina);Infortunio per caduta del veicolo;Sottopasso illuminato;Una carreggiata a senso unico di marcia;Asciutto;Asfaltata;Assente;Nuvoloso;Normale;Sufficiente;Ore Diurne;1;0;0;0;12.47672;41.84478;-1;1;Motociclo a solo;In marcia / fermata / arresto;Conducente;M;Rimandato;0;NON DECEDUTO;Utilizzato;;
2555395;1;23/10/2015 09:20;Strada Urbana;VIA LABICANA;all'intersezione semaforizzata con;PIAZZA DI S. CLEMENTE;PIAZZA DI S. CLEMENTE;;;Scontro laterale fra veicoli in marcia;Intersezione semaforizzata;Più di due carreggiate;Asciutto;Asfaltata;Verticale ed orizzontale;Sereno;Normale;Buona;Ore Diurne;0;0;0;2;12.49839;41.88971;-1;1;Ciclomotore;In marcia / fermata / arresto;Conducente;F;Illeso;0;;Non accertato;;
2555395;1;23/10/2015 09:20;Strada Urbana;VIA LABICANA;all'intersezione semaforizzata con;PIAZZA DI S. CLEMENTE;PIAZZA DI S. CLEMENTE;;;Scontro laterale fra veicoli in marcia;Intersezione semaforizzata;Più di due carreggiate;Asciutto;Asfaltata;Verticale ed orizzontale;Sereno;Normale;Buona;Ore Diurne;0;0;0;2;12.49839;41.88971;-1;2;Motociclo a solo;In marcia / fermata / arresto;Conducente;M;Illeso;0;;Non accertato;;
2555399;12;26/10/2015 16:00;Strada Urbana;VIALE FILIPPO TOMMASO MARINETTI;da specificare;;;;direzione VIA C.LEVI prossimità civ.205;Investimento di pedone;Rettilineo;Due carreggiate;Asciutto;Asfaltata;Verticale ed orizzontale;Sereno;Scarso;Buona;Ore Diurne;1;0;0;1;12.4728;41.80865;-1;;;;Pedone;M;Rimandato;0;NON DECEDUTO;;;
2555399;12;26/10/2015 16:00;Strada Urbana;VIALE FILIPPO TOMMASO MARINETTI;da specificare;;;;direzione VIA C.LEVI prossimità civ.205;Investimento di pedone;Rettilineo;Due carreggiate;Asciutto;Asfaltata;Verticale ed orizzontale;Sereno;Scarso;Buona;Ore Diurne;1;0;0;1;12.4728;41.80865;-1;1;Autovettura privata;In marcia / fermata / arresto;Conducente;M;Illeso;0;;Utilizzato;Inesploso;
2555418;12;26/10/2015 21:05;Strada Urbana;VIA DI DECIMA;all'intersezione semaforizzata con;VIALE DELL'OCEANO INDIANO;VIALE DELL'OCEANO INDIANO;;;Scontro frontale/laterale DX fra veicoli in marcia;Intersezione semaforizzata;Una carreggiata a doppio senso;Asciutto;Asfaltata;Verticale ed orizzontale;Nuvoloso;Normale;Buona;Sufficiente;1;0;0;2;12.44389;41.82115;-1;1;Autovettura privata;In marcia / fermata / arresto;Conducente;M;Illeso;0;;Utilizzato;Inesploso;
2555418;12;26/10/2015 21:05;Strada Urbana;VIA DI DECIMA;all'intersezione semaforizzata con;VIALE DELL'OCEANO INDIANO;VIALE DELL'OCEANO INDIANO;;;Scontro frontale/laterale DX fra veicoli in marcia;Intersezione semaforizzata;Una carreggiata a doppio senso;Asciutto;Asfaltata;Verticale ed orizzontale;Nuvoloso;Normale;Buona;Sufficiente;1;0;0;2;12.44389;41.82115;-1;1;Autovettura privata;In marcia / fermata / arresto;Passeggero;M;Illeso;0;;Utilizzato;Inesploso;
2555418;12;26/10/2015 21:05;Strada Urbana;VIA DI DECIMA;all'intersezione semaforizzata con;VIALE DELL'OCEANO INDIANO;VIALE DELL'OCEANO INDIANO;;;Scontro frontale/laterale DX fra veicoli in marcia;Intersezione semaforizzata;Una carreggiata a doppio senso;Asciutto;Asfaltata;Verticale ed orizzontale;Nuvoloso;Normale;Buona;Sufficiente;1;0;0;2;12.44389;41.82115;-1;2;Motociclo a solo;In marcia / fermata / arresto;Conducente;M;Ricoverato;0;NON DECEDUTO;Utilizzato;;
2555419;1;23/10/2015 12:30;Strada Urbana;PIAZZA DI PORTA CAPENA;all'intersezione semaforizzata con;VIA DI S. GREGORIO;VIA DI S. GREGORIO;;;Scontro laterale fra veicoli in marcia;Intersezione semaforizzata;Due carreggiate;Asciutto;Asfaltata;Verticale ed orizzontale;Sereno;Intenso;Buona;Ore Diurne;0;0;0;5;12.48917;41.88487;-1;1;Autovettura privata;In marcia / fermata / arresto;Conducente;M;Illeso;0;;Non accertato;Inesploso;
2555419;1;23/10/2015 12:30;Strada Urbana;PIAZZA DI PORTA CAPENA;all'intersezione semaforizzata con;VIA DI S. GREGORIO;VIA DI S. GREGORIO;;;Scontro laterale fra veicoli in marcia;Intersezione semaforizzata;Due carreggiate;Asciutto;Asfaltata;Verticale ed orizzontale;Sereno;Intenso;Buona;Ore Diurne;0;0;0;5;12.48917;41.88487;-1;1;Autovettura privata;In marcia / fermata / arresto;Passeggero;M;Illeso;0;;Non accertato;Inesploso;
2555419;1;23/10/2015 12:30;Strada Urbana;PIAZZA DI PORTA CAPENA;all'intersezione semaforizzata con;VIA DI S. GREGORIO;VIA DI S. GREGORIO;;;Scontro laterale fra veicoli in marcia;Intersezione semaforizzata;Due carreggiate;Asciutto;Asfaltata;Verticale ed orizzontale;Sereno;Intenso;Buona;Ore Diurne;0;0;0;5;12.48917;41.88487;-1;1;Autovettura privata;In marcia / fermata / arresto;Passeggero;F;Illeso;0;;Non accertato;Inesistente;
2555419;1;23/10/2015 12:30;Strada Urbana;PIAZZA DI PORTA CAPENA;all'intersezione semaforizzata con;VIA DI S. GREGORIO;VIA DI S. GREGORIO;;;Scontro laterale fra veicoli in marcia;Intersezione semaforizzata;Due carreggiate;Asciutto;Asfaltata;Verticale ed orizzontale;Sereno;Intenso;Buona;Ore Diurne;0;0;0;5;12.48917;41.88487;-1;1;Autovettura privata;In marcia / fermata / arresto;Passeggero;M;Illeso;0;;Non accertato;Inesistente;
2555419;1;23/10/2015 12:30;Strada Urbana;PIAZZA DI PORTA CAPENA;all'intersezione semaforizzata con;VIA DI S. GREGORIO;VIA DI S. GREGORIO;;;Scontro laterale fra veicoli in marcia;Intersezione semaforizzata;Due carreggiate;Asciutto;Asfaltata;Verticale ed orizzontale;Sereno;Intenso;Buona;Ore Diurne;0;0;0;5;12.48917;41.88487;-1;2;Autobus turistico;In marcia / fermata / arresto;Conducente;M;Illeso;0;;Non accertato;Inesploso;
2555428;1;27/10/2015 09:10;Strada Urbana;VIA GALVANI;all'intersezione con;VIA MASTRO GIORGIO;VIA MASTRO GIORGIO;;;Scontro frontale/laterale DX fra veicoli in marcia;Incrocio;Una carreggiata a doppio senso;Asciutto;Asfaltata;Verticale ed orizzontale;Nuvoloso;Normale;Buona;Ore Diurne;1;0;0;1;12.47762;41.87807;-1;1;Autovettura privata;In marcia / fermata / arresto;Conducente;M;Rifiuta cure immediate;0;NON DECEDUTO;Non accertato;;
2555428;1;27/10/2015 09:10;Strada Urbana;VIA GALVANI;all'intersezione con;VIA MASTRO GIORGIO;VIA MASTRO GIORGIO;;;Scontro frontale/laterale DX fra veicoli in marcia;Incrocio;Una carreggiata a doppio senso;Asciutto;Asfaltata;Verticale ed orizzontale;Nuvoloso;Normale;Buona;Ore Diurne;1;0;0;1;12.47762;41.87807;-1;2;Autovettura privata;In marcia / fermata / arresto;Conducente;M;Illeso;0;;Non accertato;Inesploso;
2555438;4;26/10/2015 12:30;Strada Urbana;VIALE TIRRENO;in corrispondenza;;del civico n.;187;;Scontro frontale fra veicoli in marcia;Rettilineo;Due carreggiate;Asciutto;Asfaltata;Orizzontale;Sereno;Normale;Buona;Ore Diurne;1;0;0;3;12.529;41.94171;-1;1;Motociclo a solo;In marcia / fermata / arresto;Conducente;M;Rimandato;0;NON DECEDUTO;Non accertato;;
2555438;4;26/10/2015 12:30;Strada Urbana;VIALE TIRRENO;in corrispondenza;;del civico n.;187;;Scontro frontale fra veicoli in marcia;Rettilineo;Due carreggiate;Asciutto;Asfaltata;Orizzontale;Sereno;Normale;Buona;Ore Diurne;1;0;0;3;12.529;41.94171;-1;2;Autocarro inferiore 35 q.;In marcia / fermata / arresto;Conducente;M;Illeso;0;;Non accertato;;
2555438;4;26/10/2015 12:30;Strada Urbana;VIALE TIRRENO;in corrispondenza;;del civico n.;187;;Scontro frontale fra veicoli in marcia;Rettilineo;Due carreggiate;Asciutto;Asfaltata;Orizzontale;Sereno;Normale;Buona;Ore Diurne;1;0;0;3;12.529;41.94171;-1;2;Autocarro inferiore 35 q.;In marcia / fermata / arresto;Passeggero;F;Illeso;0;;Non accertato;;
2555438;4;26/10/2015 12:30;Strada Urbana;VIALE TIRRENO;in corrispondenza;;del civico n.;187;;Scontro frontale fra veicoli in marcia;Rettilineo;Due carreggiate;Asciutto;Asfaltata;Orizzontale;Sereno;Normale;Buona;Ore Diurne;1;0;0;3;12.529;41.94171;-1;2;Autocarro inferiore 35 q.;In marcia / fermata / arresto;Passeggero;F;Illeso;0;;Non accertato;;
2555445;1;23/10/2015 18:40;Strada Urbana;CORSO VITTORIO EMANUELE II;all'intersezione con;PIAZZA VIDONI;PIAZZA VIDONI;;;Tamponamento;Incrocio;Una carreggiata a doppio senso;Asciutto;Asfaltata;Verticale ed orizzontale;Sereno;Normale;Buona;Sufficiente;0;0;0;2;12.47144;41.89721;-1;1;Autovettura privata;In marcia / fermata / arresto;Conducente;M;Illeso;0;;Non accertato;;
2555445;1;23/10/2015 18:40;Strada Urbana;CORSO VITTORIO EMANUELE II;all'intersezione con;PIAZZA VIDONI;PIAZZA VIDONI;;;Tamponamento;Incrocio;Una carreggiata a doppio senso;Asciutto;Asfaltata;Verticale ed orizzontale;Sereno;Normale;Buona;Sufficiente;0;0;0;2;12.47144;41.89721;-1;2;Quadriciclo leggero;In marcia / fermata / arresto;Conducente;M;Illeso;0;;;;
2555469;12;26/10/2015 08:40;Strada Urbana;VIA CRISTOFORO COLOMBO;da specificare;;;;carregg. centrale direz. G.R.A. alt. p.zza Lavoro;Infortunio per caduta del veicolo;Rettilineo;Più di due carreggiate;Asciutto;Asfaltata;Verticale ed orizzontale;Nuvoloso;Intenso;Buona;Ore Diurne;2;0;0;0;12.47792;41.84542;-1;1;Motociclo a solo;In marcia / fermata / arresto;Conducente;F;Rimandato;0;NON DECEDUTO;Utilizzato;;
2555469;12;26/10/2015 08:40;Strada Urbana;VIA CRISTOFORO COLOMBO;da specificare;;;;carregg. centrale direz. G.R.A. alt. p.zza Lavoro;Infortunio per caduta del veicolo;Rettilineo;Più di due carreggiate;Asciutto;Asfaltata;Verticale ed orizzontale;Nuvoloso;Intenso;Buona;Ore Diurne;2;0;0;0;12.47792;41.84542;-1;2;Motociclo a solo;In marcia / fermata / arresto;Conducente;M;Rimandato;0;NON DECEDUTO;Utilizzato;;
2555481;4;26/10/2015 20:20;Strada Urbana;VIA UGO OJETTI;da specificare;;;;altezzadi via Barbara Tosatti;Investimento di pedone;Rettilineo;Due carreggiate;Asciutto;Asfaltata;Verticale ed orizzontale;Nuvoloso;Normale;Buona;Sufficiente;1;0;0;1;12.54858;41.94404;-1;;;;Pedone;F;Rimandato;0;NON DECEDUTO;;;