Protocollo;Gruppo;DataOraIncidente;Localizzazione1;STRADA1;Localizzazione2;STRADA2;Strada02;Chilometrica;DaSpecificare;NaturaIncidente;particolaritastrade;TipoStrada;FondoStradale;Pavimentazione;Segnaletica;CondizioneAtmosferica;Traffico;Visibilita;Illuminazione;NUM_FERITI;NUM_RISERVATA;NUM_MORTI;NUM_ILLESI;Longitudine;Latitudine;Confermato;Progressivo;TipoVeicolo;StatoVeicolo;TipoPersona;Sesso;Tipolesione;Deceduto;DecedutoDopo;CinturaCascoUtilizzato;Airbag;
2561791;1;31/10/2015 04:30;Strada Urbana;VIA CABOTO;in corrispondenza;;del civico n.;16;;Veicolo in marcia contro veicoli in sosta;Rettilineo;Una carreggiata a senso unico di marcia;Asciutto;Asfaltata;Verticale ed orizzontale;Sereno;Scarso;Insufficiente;Sufficiente;0;0;0;7;12.47823;41.87117;-1;1;Autovettura privata;In marcia / fermata / arresto;Conducente;M;Illeso;0;;;;
2561791;1;31/10/2015 04:30;Strada Urbana;VIA CABOTO;in corrispondenza;;del civico n.;16;;Veicolo in marcia contro veicoli in sosta;Rettilineo;Una carreggiata a senso unico di marcia;Asciutto;Asfaltata;Verticale ed orizzontale;Sereno;Scarso;Insufficiente;Sufficiente;0;0;0;7;12.47823;41.87117;-1;1;Autovettura privata;In marcia / fermata / arresto;Passeggero;M;Illeso;0;;;;
2561791;1;31/10/2015 04:30;Strada Urbana;VIA CABOTO;in corrispondenza;;del civico n.;16;;Veicolo in marcia contro veicoli in sosta;Rettilineo;Una carreggiata a senso unico di marcia;Asciutto;Asfaltata;Verticale ed orizzontale;Sereno;Scarso;Insufficiente;Sufficiente;0;0;0;7;12.47823;41.87117;-1;1;Autovettura privata;In marcia / fermata / arresto;Passeggero;M;Illeso;0;;Non accertato;;
2561791;1;31/10/2015 04:30;Strada Urbana;VIA CABOTO;in corrispondenza;;del civico n.;16;;Veicolo in marcia contro veicoli in sosta;Rettilineo;Una carreggiata a senso unico di marcia;Asciutto;Asfaltata;Verticale ed orizzontale;Sereno;Scarso;Insufficiente;Sufficiente;0;0;0;7;12.47823;41.87117;-1;1;Autovettura privata;In marcia / fermata / arresto;Passeggero;M;Illeso;0;;;;
2561791;1;31/10/2015 04:30;Strada Urbana;VIA CABOTO;in corrispondenza;;del civico n.;16;;Veicolo in marcia contro veicoli in sosta;Rettilineo;Una carreggiata a senso unico di marcia;Asciutto;Asfaltata;Verticale ed orizzontale;Sereno;Scarso;Insufficiente;Sufficiente;0;0;0;7;12.47823;41.87117;-1;1;Autovettura privata;In marcia / fermata / arresto;Passeggero;M;Illeso;0;;Non accertato;;
2561791;1;31/10/2015 04:30;Strada Urbana;VIA CABOTO;in corrispondenza;;del civico n.;16;;Veicolo in marcia contro veicoli in sosta;Rettilineo;Una carreggiata a senso unico di marcia;Asciutto;Asfaltata;Verticale ed orizzontale;Sereno;Scarso;Insufficiente;Sufficiente;0;0;0;7;12.47823;41.87117;-1;1;Autovettura privata;In marcia / fermata / arresto;Passeggero;M;Illeso;0;;Non accertato;Inesploso;
2561791;1;31/10/2015 04:30;Strada Urbana;VIA CABOTO;in corrispondenza;;del civico n.;16;;Veicolo in marcia contro veicoli in sosta;Rettilineo;Una carreggiata a senso unico di marcia;Asciutto;Asfaltata;Verticale ed orizzontale;Sereno;Scarso;Insufficiente;Sufficiente;0;0;0;7;12.47823;41.87117;-1;1;Autovettura privata;In marcia / fermata / arresto;Passeggero;M;Illeso;0;;Non accertato;;
2561808;20;30/10/2015 18:00;Strada Urbana;VIA CORNOVECCHIO;all'intersezione con;VIA ZAVATTARELLO;VIA ZAVATTARELLO;;;Scontro frontale/laterale SX fra veicoli in marcia;Intersezione stradale segnalata;Una carreggiata a doppio senso;Asciutto;Asfaltata;Verticale;Sereno;Scarso;Buona;Sufficiente;1;0;0;1;12.47202;42.03377;-1;1;Autovettura privata;In marcia / fermata / arresto;Conducente;M;Illeso;0;;Non accertato;;
2561808;20;30/10/2015 18:00;Strada Urbana;VIA CORNOVECCHIO;all'intersezione con;VIA ZAVATTARELLO;VIA ZAVATTARELLO;;;Scontro frontale/laterale SX fra veicoli in marcia;Intersezione stradale segnalata;Una carreggiata a doppio senso;Asciutto;Asfaltata;Verticale;Sereno;Scarso;Buona;Sufficiente;1;0;0;1;12.47202;42.03377;-1;2;Autovettura privata;In marcia / fermata / arresto;Conducente;F;Rimandato;0;NON DECEDUTO;Non accertato;;
2561810;1;30/10/2015 05:50;Strada Urbana;CORSO VITTORIO EMANUELE II;all'intersezione con;VIA DEL PAVONE;VIA DEL PAVONE;;;Scontro laterale fra veicoli in marcia;Incrocio;Una carreggiata a doppio senso;Asciutto;Asfaltata;Verticale ed orizzontale;Sereno;Scarso;Sufficiente;Sufficiente;0;0;0;2;12.46727;41.89896;-1;1;Autovettura pubblica;In marcia / fermata / arresto;Conducente;M;Illeso;0;;Utilizzato;Inesploso;
2561810;1;30/10/2015 05:50;Strada Urbana;CORSO VITTORIO EMANUELE II;all'intersezione con;VIA DEL PAVONE;VIA DEL PAVONE;;;Scontro laterale fra veicoli in marcia;Incrocio;Una carreggiata a doppio senso;Asciutto;Asfaltata;Verticale ed orizzontale;Sereno;Scarso;Sufficiente;Sufficiente;0;0;0;2;12.46727;41.89896;-1;2;Autocarro inferiore 35 q.;In marcia / fermata / arresto;Conducente;M;Illeso;0;;;;
2561813;20;30/10/2015 16:30;Strada Urbana;VIA DELL'ISOLA FARNESE;in corrispondenza;;del civico n.;117/A;;Veicolo in marcia contro veicolo in sosta;Rettilineo;Una carreggiata a doppio senso;Asciutto;Asfaltata;Verticale ed orizzontale;Sereno;Scarso;Buona;Ore Diurne;1;0;0;1;12.38771;42.0185;-1;1;Autovettura privata;In marcia / fermata / arresto;Conducente;F;Rifiuta cure immediate;0;NON DECEDUTO;;;
2561813;20;30/10/2015 16:30;Strada Urbana;VIA DELL'ISOLA FARNESE;in corrispondenza;;del civico n.;117/A;;Veicolo in marcia contro veicolo in sosta;Rettilineo;Una carreggiata a doppio senso;Asciutto;Asfaltata;Verticale ed orizzontale;Sereno;Scarso;Buona;Ore Diurne;1;0;0;1;12.38771;42.0185;-1;1;Autovettura privata;In marcia / fermata / arresto;Passeggero;F;Illeso;0;;;;
2561822;1;31/10/2015 10:30;Strada Urbana;VIA DI S. STEFANO ROTONDO;in corrispondenza;;del civico n.;280;;Veicolo in marcia contro ostacolo accidentale;Rettilineo;Una carreggiata a senso unico di marcia;Asciutto;Asfaltata;Verticale ed orizzontale;Sereno;Scarso;Buona;Ore Diurne;1;0;0;2;12.49926;41.8858;-1;;;;Pedone;M;Rimandato;0;NON DECEDUTO;;;
2561822;1;31/10/2015 10:30;Strada Urbana;VIA DI S. STEFANO ROTONDO;in corrispondenza;;del civico n.;280;;Veicolo in marcia contro ostacolo accidentale;Rettilineo;Una carreggiata a senso unico di marcia;Asciutto;Asfaltata;Verticale ed orizzontale;Sereno;Scarso;Buona;Ore Diurne;1;0;0;2;12.49926;41.8858;-1;1;Autovettura privata;In marcia / fermata / arresto;Conducente;M;Illeso;0;;Non accertato;Inesploso;
2561822;1;31/10/2015 10:30;Strada Urbana;VIA DI S. STEFANO ROTONDO;in corrispondenza;;del civico n.;280;;Veicolo in marcia contro ostacolo accidentale;Rettilineo;Una carreggiata a senso unico di marcia;Asciutto;Asfaltata;Verticale ed orizzontale;Sereno;Scarso;Buona;Ore Diurne;1;0;0;2;12.49926;41.8858;-1;1;Autovettura privata;In marcia / fermata / arresto;Passeggero;F;Illeso;0;;Non accertato;Inesploso;
2561827;20;30/10/2015 13:10;Strada Urbana;VIA DEL FORO ITALICO;da specificare;;;;(biforcazione GALLERIE GIOVANNI XXIII e FARNESINA);Tamponamento;Rettilineo;Una carreggiata a senso unico di marcia;Asciutto;Asfaltata;Verticale ed orizzontale;Sereno;Normale;Buona;Ore Diurne;1;0;0;4;12.47297;41.94077;-1;1;Autovettura privata;In marcia / fermata / arresto;Conducente;M;Illeso;0;;;;
2561827;20;30/10/2015 13:10;Strada Urbana;VIA DEL FORO ITALICO;da specificare;;;;(biforcazione GALLERIE GIOVANNI XXIII e FARNESINA);Tamponamento;Rettilineo;Una carreggiata a senso unico di marcia;Asciutto;Asfaltata;Verticale ed orizzontale;Sereno;Normale;Buona;Ore Diurne;1;0;0;4;12.47297;41.94077;-1;1;Autovettura privata;In marcia / fermata / arresto;Passeggero;M;Illeso;0;;;;
2561827;20;30/10/2015 13:10;Strada Urbana;VIA DEL FORO ITALICO;da specificare;;;;(biforcazione GALLERIE GIOVANNI XXIII e FARNESINA);Tamponamento;Rettilineo;Una carreggiata a senso unico di marcia;Asciutto;Asfaltata;Verticale ed orizzontale;Sereno;Normale;Buona;Ore Diurne;1;0;0;4;12.47297;41.94077;-1;1;Autovettura privata;In marcia / fermata / arresto;Passeggero;M;Illeso;0;;;;
2561827;20;30/10/2015 13:10;Strada Urbana;VIA DEL FORO ITALICO;da specificare;;;;(biforcazione GALLERIE GIOVANNI XXIII e FARNESINA);Tamponamento;Rettilineo;Una carreggiata a senso unico di marcia;Asciutto;Asfaltata;Verticale ed orizzontale;Sereno;Normale;Buona;Ore Diurne;1;0;0;4;12.47297;41.94077;-1;2;Motociclo a solo;In marcia / fermata / arresto;Conducente;M;Rimandato;0;NON DECEDUTO;;;
2561827;20;30/10/2015 13:10;Strada Urbana;VIA DEL FORO ITALICO;da specificare;;;;(biforcazione GALLERIE GIOVANNI XXIII e FARNESINA);Tamponamento;Rettilineo;Una carreggiata a senso unico di marcia;Asciutto;Asfaltata;Verticale ed orizzontale;Sereno;Normale;Buona;Ore Diurne;1;0;0;4;12.47297;41.94077;-1;2;Motociclo a solo;In marcia / fermata / arresto;Passeggero;F;Illeso;0;;;;
2561833;20;30/10/2015 15:15;Regionale entro l'abitato;VIA FLAMINIA;da specificare;;;;direzione GRA altezza Saxa Rubra;Tamponamento Multiplo;Rettilineo;Due carreggiate;Asciutto;Asfaltata;Verticale ed orizzontale;Sereno;Intenso;Buona;Ore Diurne;0;0;0;3;12.49376;41.98019;-1;1;Autovettura privata;In marcia / fermata / arresto;Conducente;F;Illeso;0;;;;
2561833;20;30/10/2015 15:15;Regionale entro l'abitato;VIA FLAMINIA;da specificare;;;;direzione GRA altezza Saxa Rubra;Tamponamento Multiplo;Rettilineo;Due carreggiate;Asciutto;Asfaltata;Verticale ed orizzontale;Sereno;Intenso;Buona;Ore Diurne;0;0;0;3;12.49376;41.98019;-1;2;Autovettura privata;In marcia / fermata / arresto;Conducente;M;Illeso;0;;;;
2561833;20;30/10/2015 15:15;Regionale entro l'abitato;VIA FLAMINIA;da specificare;;;;direzione GRA altezza Saxa Rubra;Tamponamento Multiplo;Rettilineo;Due carreggiate;Asciutto;Asfaltata;Verticale ed orizzontale;Sereno;Intenso;Buona;Ore Diurne;0;0;0;3;12.49376;41.98019;-1;3;Autovettura privata;In marcia / fermata / arresto;Conducente;M;Illeso;0;;;;
2561834;1;31/10/2015 09:45;Strada Urbana;LUNGOTEVERE DEI PIERLEONI;all'intersezione con;VIA DEL FORO OLITORIO;VIA DEL FORO OLITORIO;;;Scontro laterale fra veicoli in marcia;Incrocio;Una carreggiata a senso unico di marcia;Asciutto;Asfaltata;Verticale ed orizzontale;Sereno;Normale;Buona;Ore Diurne;1;0;0;1;12.47955;41.89059;-1;1;Autovettura privata;In marcia / fermata / arresto;Conducente;F;Illeso;0;;Non accertato;Inesploso;
2561834;1;31/10/2015 09:45;Strada Urbana;LUNGOTEVERE DEI PIERLEONI;all'intersezione con;VIA DEL FORO OLITORIO;VIA DEL FORO OLITORIO;;;Scontro laterale fra veicoli in marcia;Incrocio;Una carreggiata a senso unico di marcia;Asciutto;Asfaltata;Verticale ed orizzontale;Sereno;Normale;Buona;Ore Diurne;1;0;0;1;12.47955;41.89059;-1;2;Motociclo a solo;In marcia / fermata / arresto;Conducente;M;Rimandato;0;NON DECEDUTO;Non accertato;;
2561874;20;30/10/2015 18:20;Regionale entro l'abitato;VIA CASSIA;in prossimità;;del civico n.;664;;Scontro frontale/laterale DX fra veicoli in marcia;Rettilineo;Una carreggiata a doppio senso;Asciutto;Asfaltata;Verticale ed orizzontale;Sereno;Intenso;Buona;Sufficiente;1;0;0;2;12.4461;41.96369;-1;1;Autovettura privata;In marcia / fermata / arresto;Conducente;M;Illeso;0;;;;
2561874;20;30/10/2015 18:20;Regionale entro l'abitato;VIA CASSIA;in prossimità;;del civico n.;664;;Scontro frontale/laterale DX fra veicoli in marcia;Rettilineo;Una carreggiata a doppio senso;Asciutto;Asfaltata;Verticale ed orizzontale;Sereno;Intenso;Buona;Sufficiente;1;0;0;2;12.4461;41.96369;-1;1;Autovettura privata;In marcia / fermata / arresto;Passeggero;F;Illeso;0;;;;
2561874;20;30/10/2015 18:20;Regionale entro l'abitato;VIA CASSIA;in prossimità;;del civico n.;664;;Scontro frontale/laterale DX fra veicoli in marcia;Rettilineo;Una carreggiata a doppio senso;Asciutto;Asfaltata;Verticale ed orizzontale;Sereno;Intenso;Buona;Sufficiente;1;0;0;2;12.4461;41.96369;-1;2;Motociclo a solo;In marcia / fermata / arresto;Conducente;M;Rimandato;0;NON DECEDUTO;Utilizzato;;
2561880;20;31/10/2015 05:00;Provinciale entro l'abitato;VIADOTTO GIUBILEO DEL 2000;in prossimità;;della chilometrica;13.2;;Ribaltamento senza urto contro ostacolo fisso;Rettilineo;Due carreggiate;Asciutto;Asfaltata;Verticale ed orizzontale;Sereno;Scarso;Sufficiente;Sufficiente;1;0;0;0;12.49521;41.98966;-1;1;Autovettura privata;In marcia / fermata / arresto;Conducente;M;Rimandato;0;NON DECEDUTO;Non accertato;Inesploso;
2561891;6;31/10/2015 04:10;Strada Urbana;VIA TOR DE' SCHIAVI;all'intersezione semaforizzata con;VIA PRENESTINA;VIA PRENESTINA;;;Scontro laterale fra veicoli in marcia;Intersezione stradale segnalata;Due carreggiate;Asciutto;Asfaltata;Verticale ed orizzontale;Sereno;Scarso;Buona;Sufficiente;0;0;0;1;12.55926;41.89469;-1;1;Autovettura privata;In marcia / fermata / arresto;Conducente;M;Illeso;0;;Non accertato;Inesploso;
2562006;17;31/10/2015 13:50;Strada Urbana;LUNGOTEVERE MICHELANGELO;in prossimità;;del civico n.;10;;Scontro laterale fra veicoli in marcia;Rettilineo;Una carreggiata a senso unico di marcia;Asciutto;Asfaltata;Verticale ed orizzontale;Sereno;Normale;Buona;Ore Diurne;1;0;0;1;12.46971;41.91355;-1;1;Autovettura privata;In marcia / fermata / arresto;Conducente;M;Illeso;0;;;;
2562006;17;31/10/2015 13:50;Strada Urbana;LUNGOTEVERE MICHELANGELO;in prossimità;;del civico n.;10;;Scontro laterale fra veicoli in marcia;Rettilineo;Una carreggiata a senso unico di marcia;Asciutto;Asfaltata;Verticale ed orizzontale;Sereno;Normale;Buona;Ore Diurne;1;0;0;1;12.46971;41.91355;-1;2;Motociclo a solo;In marcia / fermata / arresto;Conducente;M;Rimandato;0;NON DECEDUTO;;;
2562079;6;30/10/2015 18:45;Strada Urbana;VIA PRENESTINA;in prossimità;;del civico n.;445;;Tamponamento;Rettilineo;Più di due carreggiate;Asciutto;Asfaltata;Verticale ed orizzontale;Sereno;Intenso;Buona;Sufficiente;1;0;0;2;12.56455;41.89508;-1;1;Autovettura privata;In marcia / fermata / arresto;Conducente;F;Illeso;0;;Utilizzato;;
2562079;6;30/10/2015 18:45;Strada Urbana;VIA PRENESTINA;in prossimità;;del civico n.;445;;Tamponamento;Rettilineo;Più di due carreggiate;Asciutto;Asfaltata;Verticale ed orizzontale;Sereno;Intenso;Buona;Sufficiente;1;0;0;2;12.56455;41.89508;-1;2;Autovettura privata;In marcia / fermata / arresto;Conducente;M;Rifiuta cure immediate;0;NON DECEDUTO;Utilizzato;Inesploso;
2562079;6;30/10/2015 18:45;Strada Urbana;VIA PRENESTINA;in prossimità;;del civico n.;445;;Tamponamento;Rettilineo;Più di due carreggiate;Asciutto;Asfaltata;Verticale ed orizzontale;Sereno;Intenso;Buona;Sufficiente;1;0;0;2;12.56455;41.89508;-1;2;Autovettura privata;In marcia / fermata / arresto;Passeggero;F;Illeso;0;;Utilizzato;;
2562348;8;31/10/2015 13:30;Strada Urbana;VIA AVOLA;in prossimità;;del civico n.;10;;Veicolo in marcia contro ostacolo accidentale;Rettilineo;Una carreggiata a doppio senso;Asciutto;Asfaltata;Verticale ed orizzontale;Sereno;Normale;Buona;Ore Diurne;0;0;0;3;12.65786;41.89155;-1;1;Autovettura privata;In marcia / fermata / arresto;Conducente;M;Illeso;0;;Non accertato;Inesploso;
2562348;8;31/10/2015 13:30;Strada Urbana;VIA AVOLA;in prossimità;;del civico n.;10;;Veicolo in marcia contro ostacolo accidentale;Rettilineo;Una carreggiata a doppio senso;Asciutto;Asfaltata;Verticale ed orizzontale;Sereno;Normale;Buona;Ore Diurne;0;0;0;3;12.65786;41.89155;-1;1;Autovettura privata;In marcia / fermata / arresto;Passeggero;F;Illeso;0;;Non accertato;Inesploso;
2562348;8;31/10/2015 13:30;Strada Urbana;VIA AVOLA;in prossimità;;del civico n.;10;;Veicolo in marcia contro ostacolo accidentale;Rettilineo;Una carreggiata a doppio senso;Asciutto;Asfaltata;Verticale ed orizzontale;Sereno;Normale;Buona;Ore Diurne;0;0;0;3;12.65786;41.89155;-1;1;Autovettura privata;In marcia / fermata / arresto;Passeggero;F;Illeso;0;;Non accertato;Inesistente;
2562349;8;31/10/2015 11:45;Strada Urbana;VIA SAN BIAGIO PLATANI;in corrispondenza;;del civico n.;80;;Veicolo in marcia contro ostacolo accidentale;Rettilineo;Una carreggiata a doppio senso;Asciutto;Asfaltata;Verticale ed orizzontale;Nuvoloso;Normale;Buona;Ore Diurne;0;0;0;2;12.6511;41.86985;-1;1;Autovettura privata;In marcia / fermata / arresto;Conducente;M;Illeso;0;;Non accertato;Inesploso;
2562349;8;31/10/2015 11:45;Strada Urbana;VIA SAN BIAGIO PLATANI;in corrispondenza;;del civico n.;80;;Veicolo in marcia contro ostacolo accidentale;Rettilineo;Una carreggiata a doppio senso;Asciutto;Asfaltata;Verticale ed orizzontale;Nuvoloso;Normale;Buona;Ore Diurne;0;0;0;2;12.6511;41.86985;-1;1;Autovettura privata;In marcia / fermata / arresto;Passeggero;M;Illeso;0;;Non accertato;Inesploso;
2562352;8;31/10/2015 12:45;Provinciale entro l'abitato;VIA CASILINA;all'intersezione con;VIA GRAMMICHELE;VIA GRAMMICHELE;;;Scontro frontale/laterale SX fra veicoli in marcia;Incrocio;Una carreggiata a doppio senso;Asciutto;Asfaltata;Verticale ed orizzontale;Sereno;Normale;Buona;Ore Diurne;1;0;0;1;12.67103;41.86397;-1;1;Motociclo a solo;In marcia / fermata / arresto;Conducente;M;Rimandato;0;NON DECEDUTO;Non accertato;;
2562352;8;31/10/2015 12:45;Provinciale entro l'abitato;VIA CASILINA;all'intersezione con;VIA GRAMMICHELE;VIA GRAMMICHELE;;;Scontro frontale/laterale SX fra veicoli in marcia;Incrocio;Una carreggiata a doppio senso;Asciutto;Asfaltata;Verticale ed orizzontale;Sereno;Normale;Buona;Ore Diurne;1;0;0;1;12.67103;41.86397;-1;2;Autovettura privata;In marcia / fermata / arresto;Conducente;F;Illeso;0;;Non accertato;;
2562356;8;31/10/2015 10:50;Statale entro l'abitato;VIA PRENESTINA;in corrispondenza;;del civico n.;1112;;Scontro laterale fra veicoli in marcia;Rettilineo;Una carreggiata a doppio senso;Asciutto;Asfaltata;Orizzontale;Nuvoloso;Normale;Buona;Ore Diurne;0;0;0;3;12.61645;41.89324;-1;1;Autovettura privata;In marcia / fermata / arresto;Conducente;M;Illeso;0;;Utilizzato;Inesploso;
2562356;8;31/10/2015 10:50;Statale entro l'abitato;VIA PRENESTINA;in corrispondenza;;del civico n.;1112;;Scontro laterale fra veicoli in marcia;Rettilineo;Una carreggiata a doppio senso;Asciutto;Asfaltata;Orizzontale;Nuvoloso;Normale;Buona;Ore Diurne;0;0;0;3;12.61645;41.89324;-1;1;Autovettura privata;In marcia / fermata / arresto;Passeggero;F;Illeso;0;;Non accertato;Inesploso;
2562356;8;31/10/2015 10:50;Statale entro l'abitato;VIA PRENESTINA;in corrispondenza;;del civico n.;1112;;Scontro laterale fra veicoli in marcia;Rettilineo;Una carreggiata a doppio senso;Asciutto;Asfaltata;Orizzontale;Nuvoloso;Normale;Buona;Ore Diurne;0;0;0;3;12.61645;41.89324;-1;2;Autocarro inferiore 35 q.;In marcia / fermata / arresto;Conducente;M;Illeso;0;;Non accertato;Inesploso;
2562357;8;31/10/2015 12:30;Strada Urbana;VIA COLLATINA;da specificare;;;;pross. Via Celestino Rosatelli;Veicolo in marcia contro ostacolo accidentale;Rettilineo;Una carreggiata a doppio senso;Asciutto;Asfaltata;Verticale ed orizzontale;Nuvoloso;Normale;Buona;Ore Diurne;0;0;0;1;12.66122;41.9208;-1;1;Autovettura privata;In marcia / fermata / arresto;Conducente;M;Illeso;0;;Non accertato;Inesploso;
2562358;8;31/10/2015 14:40;Strada Urbana;VIA COLLATINA;in prossimità;;del civico n.;962;;Veicolo in marcia contro ostacolo accidentale;Rettilineo;Una carreggiata a doppio senso;Asciutto;Asfaltata;Verticale ed orizzontale;Nuvoloso;Normale;Buona;Ore Diurne;0;0;0;2;12.66499;41.92172;-1;1;Autovettura privata;In marcia / fermata / arresto;Conducente;M;Illeso;0;;;;
2562358;8;31/10/2015 14:40;Strada Urbana;VIA COLLATINA;in prossimità;;del civico n.;962;;Veicolo in marcia contro ostacolo accidentale;Rettilineo;Una carreggiata a doppio senso;Asciutto;Asfaltata;Verticale ed orizzontale;Nuvoloso;Normale;Buona;Ore Diurne;0;0;0;2;12.66499;41.92172;-1;1;Autovettura privata;In marcia / fermata / arresto;Passeggero;F;Illeso;0;;;;
2562359;13;31/10/2015 09:30;Strada Urbana;VIA ALESSANDRO PIOLA CASELLI;in corrispondenza;;del civico n.;48;;Veicolo in marcia contro veicolo fermo;Rettilineo;Una carreggiata a doppio senso;Asciutto;Asfaltata;Orizzontale;Sereno;Normale;Buona;Ore Diurne;0;0;0;2;12.28943;41.73687;-1;1;Autocarro inferiore 35 q.;In marcia / fermata / arresto;Conducente;M;Illeso;0;;Non accertato;Inesploso;
2562359;13;31/10/2015 09:30;Strada Urbana;VIA ALESSANDRO PIOLA CASELLI;in corrispondenza;;del civico n.;48;;Veicolo in marcia contro veicolo fermo;Rettilineo;Una carreggiata a doppio senso;Asciutto;Asfaltata;Orizzontale;Sereno;Normale;Buona;Ore Diurne;0;0;0;2;12.28943;41.73687;-1;2;Autovettura privata;In marcia / fermata / arresto;Conducente;M;Illeso;0;;Non accertato;Inesploso;
2562398;10;30/10/2015 09:00;Strada Urbana;VIA APPIA NUOVA;in corrispondenza;;del civico n.;811;;Scontro laterale fra veicoli in marcia;Curva a visuale libera;Una carreggiata a doppio senso;Asciutto;Asfaltata;Verticale ed orizzontale;Sereno;Intenso;Buona;Ore Diurne;1;0;0;1;12.54813;41.85148;-1;1;Autovettura privata;In marcia / fermata / arresto;Conducente;F;Illeso;0;;Utilizzato;Inesploso;
2562398;10;30/10/2015 09:00;Strada Urbana;VIA APPIA NUOVA;in corrispondenza;;del civico n.;811;;Scontro laterale fra veicoli in marcia;Curva a visuale libera;Una carreggiata a doppio senso;Asciutto;Asfaltata;Verticale ed orizzontale;Sereno;Intenso;Buona;Ore Diurne;1;0;0;1;12.54813;41.85148;-1;2;Autovettura privata;In marcia / fermata / arresto;Conducente;F;Rimandato;0;NON DECEDUTO;Utilizzato;Inesploso;
2562404;10;30/10/2015 16:20;Strada Urbana;VIA TUSCOLANA;all'intersezione semaforizzata con;VIALE GIULIO AGRICOLA;VIALE GIULIO AGRICOLA;;;Ribaltamento senza urto contro ostacolo fisso;Intersezione semaforizzata;Due carreggiate;Asciutto;Asfaltata;Verticale ed orizzontale;Sereno;Normale;Buona;Ore Diurne;0;0;0;1;12.56264;41.85668;-1;1;Motociclo a solo;In marcia / fermata / arresto;Conducente;M;Illeso;0;;Non accertato;;
2562406;10;30/10/2015 18:25;Strada Urbana;VIALE ANTONIO CIAMARRA;in prossimità;;del civico n.;123;;Scontro laterale fra veicoli in marcia;Rettilineo;Due carreggiate;Asciutto;Asfaltata;Verticale ed orizzontale;Sereno;Normale;Buona;Sufficiente;0;0;0;5;12.59068;41.85061;-1;1;Autovettura privata;In marcia / fermata / arresto;Conducente;M;Illeso;0;;Non accertato;Inesploso;
2562406;10;30/10/2015 18:25;Strada Urbana;VIALE ANTONIO CIAMARRA;in prossimità;;del civico n.;123;;Scontro laterale fra veicoli in marcia;Rettilineo;Due carreggiate;Asciutto;Asfaltata;Verticale ed orizzontale;Sereno;Normale;Buona;Sufficiente;0;0;0;5;12.59068;41.85061;-1;1;Autovettura privata;In marcia / fermata / arresto;Passeggero;F;Illeso;0;;Non accertato;Inesploso;
2562406;10;30/10/2015 18:25;Strada Urbana;VIALE ANTONIO CIAMARRA;in prossimità;;del civico n.;123;;Scontro laterale fra veicoli in marcia;Rettilineo;Due carreggiate;Asciutto;Asfaltata;Verticale ed orizzontale;Sereno;Normale;Buona;Sufficiente;0;0;0;5;12.59068;41.85061;-1;1;Autovettura privata;In marcia / fermata / arresto;Passeggero;F;Illeso;0;;Non accertato;Inesistente;
2562406;10;30/10/2015 18:25;Strada Urbana;VIALE ANTONIO CIAMARRA;in prossimità;;del civico n.;123;;Scontro laterale fra veicoli in marcia;Rettilineo;Due carreggiate;Asciutto;Asfaltata;Verticale ed orizzontale;Sereno;Normale;Buona;Sufficiente;0;0;0;5;12.59068;41.85061;-1;1;Autovettura privata;In marcia / fermata / arresto;Passeggero;F;Illeso;0;;Non accertato;Inesistente;
2562406;10;30/10/2015 18:25;Strada Urbana;VIALE ANTONIO CIAMARRA;in prossimità;;del civico n.;123;;Scontro laterale fra veicoli in marcia;Rettilineo;Due carreggiate;Asciutto;Asfaltata;Verticale ed orizzontale;Sereno;Normale;Buona;Sufficiente;0;0;0;5;12.59068;41.85061;-1;2;Autovettura privata;Allontanatosi;Conducente;F;Illeso;0;;Non accertato;Inesploso;
2562410;10;31/10/2015 12:00;Strada Urbana;VIA PONZIO COMINIO;in corrispondenza;;del civico n.;18;;Veicolo in marcia contro veicolo fermo;Rettilineo;Una carreggiata a senso unico di marcia;Asciutto;Asfaltata;Assente;Sereno;Scarso;Buona;Ore Diurne;0;0;0;2;12.55788;41.86033;-1;1;Autocarro superiore 35 q.;In marcia / fermata / arresto;Conducente;M;Illeso;0;;Non accertato;Inesploso;
2562410;10;31/10/2015 12:00;Strada Urbana;VIA PONZIO COMINIO;in corrispondenza;;del civico n.;18;;Veicolo in marcia contro veicolo fermo;Rettilineo;Una carreggiata a senso unico di marcia;Asciutto;Asfaltata;Assente;Sereno;Scarso;Buona;Ore Diurne;0;0;0;2;12.55788;41.86033;-1;2;Autovettura privata;In marcia / fermata / arresto;Conducente;M;Illeso;0;;Non accertato;Inesploso;
2562412;10;31/10/2015 12:50;Strada Urbana;VIA DI TOR VERGATA;all'intersezione con;VIA JENS JOHANNES JORGENSEN;VIA JENS JOHANNES JORGENSEN;;;Tamponamento;Incrocio;Una carreggiata a doppio senso;Asciutto;Asfaltata;Verticale ed orizzontale;Nuvoloso;Scarso;Buona;Ore Diurne;0;0;0;2;12.62304;41.84075;-1;1;Autovettura privata;In marcia / fermata / arresto;Conducente;F;Illeso;0;;Non accertato;Inesploso;